id,label_id,movie_id
1,15,1
2,6,1
3,16,1
4,19,2
5,6,2
6,4,2
7,16,3
8,3,3
9,16,4
10,11,4
11,16,5
12,7,6
13,2,6
14,18,6
15,16,7
16,3,7
17,19,8
18,6,8
19,7,9
20,7,10
21,19,10
22,18,10
23,16,11
24,11,11
25,3,11
26,16,12
27,5,12
28,15,13
29,6,13
30,11,14
31,7,15
32,19,15
33,3,15
34,11,16
35,18,16
36,11,17
37,3,17
38,18,18
39,16,19
40,7,20
41,7,21
42,16,21
43,11,21
44,2,22
45,11,22
46,18,22
47,18,23
48,11,24
49,10,24
50,11,25
51,3,25
52,11,26
53,11,27
54,3,28
55,19,29
56,10,29
57,11,31
58,11,32
59,10,32
60,19,33
61,3,33
62,6,34
63,16,34
64,11,34
65,11,35
66,3,35
67,11,36
68,14,37
69,16,38
70,16,39
71,3,39
72,11,40
73,11,41
74,8,41
75,7,42
76,2,42
77,11,42
78,11,43
79,7,44
80,19,44
81,16,45
82,11,45
83,11,46
84,3,46
85,2,47
86,18,47
87,15,48
88,6,48
89,13,48
90,3,48
91,11,49
92,3,49
93,2,50
94,18,50
95,7,51
96,11,51
97,18,51
98,16,52
99,11,53
100,6,54
101,16,54
102,11,55
103,19,56
104,6,56
105,4,56
106,11,57
107,11,58
108,3,58
109,11,59
110,17,59
111,19,60
112,6,60
113,4,60
114,11,61
115,18,61
116,11,62
117,16,63
118,16,64
119,3,64
120,16,65
121,10,66
122,18,66
123,11,67
124,16,68
125,3,68
126,16,69
127,7,70
128,16,70
129,2,70
130,5,70
131,18,70
132,7,71
133,16,72
134,11,72
135,11,73
136,13,73
137,11,74
138,3,74
139,16,75
140,11,75
141,10,76
142,18,76
143,14,77
144,11,78
145,11,79
146,18,79
147,11,80
148,2,81
149,11,81
150,3,81
151,11,82
152,11,83
153,16,84
154,11,84
155,11,85
156,3,85
157,19,86
158,11,86
159,6,87
160,16,87
161,16,88
162,7,89
163,18,89
164,11,90
165,11,92
166,18,92
167,16,93
168,3,93
169,11,94
170,7,95
171,18,95
172,16,96
173,11,97
174,7,98
175,18,98
176,14,99
177,11,100
178,18,100
179,16,101
180,16,102
181,18,103
182,16,104
183,11,105
184,3,105
185,16,106
186,11,106
187,19,107
188,6,107
189,16,107
190,13,107
191,14,108
192,16,109
193,7,110
194,11,110
195,8,110
196,11,111
197,18,111
198,7,112
199,19,112
200,2,112
201,11,113
202,17,113
203,11,114
204,16,115
205,14,116
206,2,117
207,16,118
208,3,118
209,16,119
210,11,120
211,11,121
212,16,122
213,3,122
214,11,123
215,17,123
216,3,123
217,16,125
218,19,126
219,6,126
220,4,126
221,14,128
222,16,129
223,3,129
224,11,130
225,11,131
226,3,131
227,18,132
228,16,133
229,11,133
230,14,134
231,16,135
232,14,136
233,14,137
234,11,138
235,7,139
236,11,139
237,11,140
238,3,140
239,16,141
240,11,143
241,16,144
242,7,145
243,19,146
244,6,146
245,11,147
246,11,148
247,2,149
248,11,149
249,18,149
250,11,150
251,11,151
252,3,151
253,8,151
254,5,152
255,7,153
256,19,153
257,16,153
258,2,153
259,11,154
260,11,155
261,8,155
262,16,156
263,16,157
264,8,157
265,19,158
266,6,158
267,11,159
268,7,160
269,19,160
270,17,160
271,10,160
272,11,161
273,18,161
274,8,161
275,14,162
276,7,163
277,3,163
278,18,163
279,2,164
280,1,164
281,17,164
282,18,164
283,7,165
284,18,165
285,16,166
286,11,166
287,11,167
288,7,168
289,19,168
290,11,168
291,3,168
292,19,169
293,6,169
294,11,169
295,7,170
296,2,170
297,18,170
298,16,171
299,7,172
300,10,172
301,18,172
302,7,173
303,19,173
304,10,173
305,16,174
306,11,175
307,16,176
308,5,177
309,16,178
310,11,179
311,3,179
312,16,180
313,7,181
314,6,181
315,11,182
316,3,182
317,18,183
318,11,184
319,10,185
320,18,185
321,16,186
322,16,187
323,5,188
324,16,189
325,18,190
326,11,191
327,14,192
328,11,193
329,11,194
330,16,195
331,11,195
332,3,195
333,5,196
334,10,196
335,11,197
336,7,198
337,2,198
338,10,198
339,11,199
340,13,199
341,18,200
342,11,201
343,11,202
344,3,202
345,16,203
346,7,204
347,16,205
348,11,205
349,14,206
350,11,207
351,3,207
352,7,208
353,19,208
354,11,209
355,12,210
356,11,211
357,16,212
358,11,214
359,11,215
360,3,215
361,16,216
362,11,217
363,18,217
364,16,218
365,11,218
366,11,219
367,5,220
368,11,222
369,3,222
370,16,223
371,16,224
372,11,224
373,3,224
374,11,225
375,18,225
376,18,226
377,7,227
378,16,228
379,11,229
380,18,229
381,11,230
382,18,230
383,16,231
384,16,232
385,11,232
386,11,233
387,16,234
388,16,235
389,11,235
390,16,236
391,3,236
392,16,237
393,3,237
394,19,238
395,6,238
396,15,239
397,6,239
398,16,239
399,3,239
400,18,240
401,6,241
402,11,241
403,11,242
404,13,242
405,15,244
406,6,244
407,2,245
408,11,245
409,14,246
410,11,247
411,4,247
412,3,247
413,18,247
414,16,248
415,11,249
416,3,249
417,6,250
418,16,250
419,7,251
420,16,252
421,3,252
422,11,253
423,5,253
424,11,254
425,16,255
426,16,256
427,10,256
428,17,257
429,18,257
430,19,258
431,6,258
432,16,258
433,4,258
434,3,258
435,2,259
436,11,259
437,18,259
438,7,260
439,19,260
440,4,260
441,10,260
442,11,261
443,6,262
444,11,262
445,11,263
446,11,264
447,11,265
448,3,265
449,11,266
450,3,266
451,8,266
452,12,266
453,11,268
454,11,269
455,11,270
456,3,270
457,11,271
458,11,272
459,11,273
460,5,273
461,16,274
462,16,275
463,16,276
464,3,276
465,11,277
466,16,278
467,11,279
468,11,280
469,18,280
470,11,281
471,11,282
472,2,283
473,11,283
474,11,285
475,5,285
476,7,286
477,10,286
478,18,286
479,16,287
480,3,287
481,7,288
482,18,288
483,16,289
484,3,289
485,2,290
486,11,290
487,18,291
488,7,292
489,11,292
490,18,292
491,2,293
492,11,293
493,3,293
494,18,293
495,16,294
496,3,294
497,16,295
498,3,295
499,2,296
500,11,296
501,11,297
502,16,298
503,11,299
504,11,300
505,11,301
506,3,301
507,11,302
508,3,302
509,7,303
510,19,303
511,12,303
512,16,304
513,11,304
514,16,305
515,11,306
516,11,307
517,11,308
518,11,309
519,16,310
520,5,311
521,18,311
522,16,312
523,15,313
524,6,313
525,11,314
526,7,315
527,7,316
528,19,316
529,10,316
530,6,317
531,16,317
532,4,317
533,11,318
534,18,319
535,1,320
536,18,320
537,11,321
538,16,322
539,11,322
540,16,324
541,16,325
542,7,327
543,16,327
544,13,327
545,10,327
546,5,328
547,7,329
548,19,329
549,10,329
550,16,330
551,5,330
552,11,331
553,5,332
554,10,332
555,16,333
556,11,334
557,17,335
558,18,335
559,11,336
560,8,336
561,11,337
562,10,338
563,18,338
564,16,339
565,3,339
566,19,340
567,11,340
568,11,341
569,16,342
570,3,342
571,6,343
572,16,344
573,16,345
574,11,345
575,11,347
576,16,348
577,7,349
578,19,349
579,18,349
580,11,350
581,17,350
582,18,350
583,16,351
584,11,351
585,3,351
586,16,352
587,7,353
588,3,353
589,18,353
590,11,354
591,6,355
592,16,355
593,16,356
594,3,356
595,8,356
596,16,357
597,3,357
598,11,358
599,16,359
600,11,359
601,3,359
602,7,360
603,16,360
604,11,361
605,3,361
606,19,362
607,6,362
608,3,362
609,14,363
610,15,364
611,6,364
612,13,364
613,11,365
614,5,366
615,16,367
616,2,367
617,4,367
618,7,368
619,16,368
620,12,368
621,11,369
622,16,370
623,16,371
624,11,371
625,16,372
626,11,372
627,18,373
628,6,374
629,16,374
630,11,375
631,7,376
632,18,376
633,7,377
634,3,377
635,18,377
636,16,378
637,3,378
638,7,379
639,10,379
640,7,380
641,19,380
642,16,380
643,3,380
644,11,381
645,11,382
646,5,382
647,12,383
648,7,384
649,11,385
650,11,386
651,7,387
652,16,387
653,11,388
654,11,389
655,3,389
656,8,389
657,7,390
658,16,390
659,11,390
660,2,391
661,11,391
662,19,392
663,6,392
664,7,393
665,7,394
666,11,395
667,11,396
668,5,397
669,14,398
670,11,399
671,11,400
672,7,401
673,18,401
674,16,402
675,14,404
676,7,405
677,10,405
678,11,406
679,5,407
680,18,407
681,11,408
682,11,409
683,16,410
684,16,411
685,11,412
686,16,413
687,16,414
688,16,415
689,18,415
690,12,416
691,16,417
692,3,417
693,11,418
694,16,419
695,7,420
696,16,420
697,19,421
698,6,421
699,18,422
700,7,423
701,18,423
702,11,424
703,11,425
704,3,425
705,5,426
706,10,426
707,18,426
708,17,427
709,3,427
710,18,427
711,11,428
712,16,429
713,11,430
714,2,431
715,11,431
716,16,432
717,12,432
718,16,433
719,7,434
720,19,434
721,2,434
722,16,435
723,10,435
724,11,436
725,18,436
726,16,437
727,7,438
728,16,438
729,11,439
730,16,440
731,3,440
732,16,441
733,7,442
734,10,442
735,14,443
736,16,444
737,3,444
738,16,445
739,11,446
740,3,446
741,16,447
742,3,447
743,11,448
744,16,449
745,16,450
746,11,450
747,11,451
748,17,451
749,3,451
750,11,452
751,16,453
752,11,454
753,18,454
754,19,455
755,6,455
756,11,455
757,11,456
758,7,457
759,18,457
760,11,458
761,12,458
762,7,459
763,16,460
764,11,461
765,3,461
766,7,462
767,19,462
768,2,463
769,11,463
770,18,463
771,7,464
772,19,464
773,2,464
774,18,464
775,7,465
776,11,465
777,8,465
778,7,466
779,16,466
780,8,466
781,16,467
782,16,468
783,3,468
784,11,469
785,3,469
786,16,470
787,16,471
788,3,471
789,16,472
790,11,472
791,16,473
792,8,473
793,7,474
794,18,474
795,11,475
796,16,476
797,11,476
798,11,477
799,16,478
800,7,479
801,7,480
802,19,480
803,10,480
804,11,481
805,18,481
806,18,482
807,11,483
808,19,484
809,6,484
810,7,485
811,16,485
812,16,486
813,16,487
814,12,487
815,11,488
816,16,489
817,18,490
818,11,491
819,16,492
820,17,492
821,7,493
822,2,493
823,11,493
824,7,494
825,18,494
826,11,495
827,16,496
828,11,496
829,3,496
830,16,497
831,3,497
832,11,498
833,3,498
834,16,499
835,3,499
836,16,500
837,11,501
838,7,502
839,6,502
840,11,503
841,7,504
842,10,504
843,16,505
844,11,506
845,7,507
846,11,507
847,11,508
848,11,509
849,3,509
850,11,510
851,7,511
852,11,511
853,5,512
854,10,512
855,16,513
856,17,513
857,3,513
858,16,514
859,11,515
860,16,516
861,11,516
862,8,516
863,7,517
864,11,517
865,17,517
866,16,518
867,10,519
868,18,519
869,16,520
870,2,521
871,18,521
872,7,522
873,11,522
874,11,523
875,11,524
876,11,525
877,11,526
878,11,527
879,8,527
880,11,528
881,11,529
882,11,530
883,6,531
884,11,531
885,16,532
886,2,532
887,5,532
888,7,533
889,11,534
890,3,534
891,11,535
892,11,536
893,16,537
894,11,537
895,11,538
896,16,539
897,3,539
898,18,540
899,1,541
900,10,541
901,16,542
902,16,543
903,3,543
904,18,543
905,7,544
906,11,545
907,7,546
908,19,546
909,6,546
910,10,546
911,7,547
912,19,547
913,18,547
914,7,548
915,14,549
916,16,550
917,3,550
918,6,551
919,16,551
920,13,551
921,7,552
922,19,552
923,16,552
924,12,553
925,18,554
926,7,555
927,2,555
928,3,555
929,14,556
930,11,557
931,7,558
932,19,558
933,15,558
934,6,558
935,4,558
936,16,559
937,11,560
938,18,561
939,16,562
940,11,562
941,11,563
942,16,564
943,16,566
944,3,566
945,11,567
946,16,568
947,11,568
948,6,569
949,16,569
950,16,570
951,11,570
952,11,571
953,11,572
954,11,573
955,16,574
956,11,574
957,6,575
958,16,575
959,16,576
960,19,577
961,6,577
962,11,578
963,17,578
964,18,579
965,11,580
966,14,581
967,16,582
968,11,584
969,16,585
970,6,586
971,16,586
972,16,587
973,3,587
974,18,587
975,15,588
976,6,588
977,16,588
978,13,588
979,7,589
980,10,589
981,18,589
982,19,590
983,11,590
984,12,590
985,7,591
986,11,591
987,18,591
988,7,592
989,19,592
990,2,592
991,11,592
992,11,593
993,18,593
994,15,594
995,6,594
996,13,594
997,15,595
998,6,595
999,13,595
1000,15,596
1001,6,596
1002,16,597
1003,3,597
1004,16,598
1005,12,599
1006,18,600
1007,11,601
1008,14,602
1009,16,603
1010,14,604
1011,11,605
1012,3,605
1013,5,606
1014,11,607
1015,2,608
1016,11,608
1017,18,608
1018,19,609
1019,6,609
1020,7,610
1021,19,610
1022,15,610
1023,5,610
1024,10,610
1025,7,611
1026,5,611
1027,10,611
1028,16,612
1029,11,613
1030,3,613
1031,11,614
1032,18,614
1033,15,616
1034,6,616
1035,11,617
1036,16,618
1037,3,618
1038,16,619
1039,11,620
1040,11,621
1041,3,623
1042,7,624
1043,11,624
1044,18,624
1045,11,625
1046,16,626
1047,11,627
1048,18,627
1049,11,628
1050,18,628
1051,11,629
1052,11,630
1053,3,630
1054,15,631
1055,6,631
1056,13,631
1057,8,632
1058,16,633
1059,16,634
1060,16,635
1061,11,635
1062,11,636
1063,16,637
1064,3,638
1065,16,639
1066,11,640
1067,18,640
1068,16,641
1069,11,642
1070,16,643
1071,16,644
1072,11,645
1073,11,647
1074,8,647
1075,7,648
1076,19,648
1077,17,648
1078,11,650
1079,16,651
1080,17,652
1081,7,653
1082,19,653
1083,4,653
1084,11,654
1085,3,654
1086,16,655
1087,16,656
1088,11,658
1089,2,659
1090,18,659
1091,11,660
1092,15,661
1093,6,661
1094,13,661
1095,18,662
1096,16,663
1097,16,664
1098,8,665
1099,7,667
1100,11,668
1101,11,669
1102,11,670
1103,16,671
1104,10,671
1105,11,672
1106,19,673
1107,15,673
1108,6,673
1109,16,673
1110,4,673
1111,19,674
1112,10,674
1113,7,675
1114,11,675
1115,18,675
1116,11,676
1117,11,678
1118,18,678
1119,11,679
1120,10,680
1121,2,681
1122,14,682
1123,11,682
1124,11,684
1125,11,685
1126,11,687
1127,3,687
1128,7,688
1129,19,688
1130,16,688
1131,8,688
1132,3,690
1133,16,691
1134,3,691
1135,7,692
1136,10,692
1137,18,692
1138,11,693
1139,7,694
1140,17,695
1141,18,695
1142,18,696
1143,11,697
1144,3,697
1145,11,698
1146,11,699
1147,16,700
1148,11,701
1149,11,702
1150,11,703
1151,7,704
1152,19,704
1153,16,705
1154,11,706
1155,2,707
1156,1,707
1157,18,707
1158,16,708
1159,3,708
1160,15,709
1161,6,709
1162,16,710
1163,19,711
1164,6,711
1165,11,712
1166,11,713
1167,12,714
1168,11,715
1169,2,716
1170,16,717
1171,16,718
1172,10,718
1173,16,719
1174,15,720
1175,11,721
1176,14,722
1177,11,723
1178,11,724
1179,5,724
1180,16,725
1181,11,726
1182,16,728
1183,11,729
1184,11,730
1185,17,731
1186,18,731
1187,2,732
1188,7,733
1189,19,733
1190,18,733
1191,16,734
1192,16,735
1193,5,735
1194,7,736
1195,19,736
1196,3,736
1197,18,736
1198,7,737
1199,10,737
1200,11,738
1201,16,739
1202,15,741
1203,10,741
1204,5,742
1205,18,742
1206,16,743
1207,11,744
1208,15,745
1209,16,745
1210,18,745
1211,1,746
1212,16,747
1213,7,748
1214,10,748
1215,18,748
1216,11,749
1217,10,750
1218,8,750
1219,16,751
1220,16,753
1221,11,753
1222,19,754
1223,6,754
1224,6,755
1225,11,755
1226,14,756
1227,11,757
1228,11,758
1229,14,759
1230,8,760
1231,19,761
1232,16,762
1233,2,762
1234,11,764
1235,3,764
1236,16,765
1237,11,765
1238,11,766
1239,11,767
1240,11,768
1241,11,770
1242,16,772
1243,11,773
1244,11,774
1245,5,775
1246,16,776
1247,11,776
1248,8,777
1249,11,778
1250,11,779
1251,3,779
1252,7,780
1253,10,780
1254,8,780
1255,11,781
1256,18,782
1257,15,783
1258,6,783
1259,13,783
1260,16,784
1261,16,785
1262,7,786
1263,18,786
1264,14,787
1265,16,788
1266,4,788
1267,3,788
1268,10,788
1269,11,789
1270,11,790
1271,14,791
1272,4,792
1273,11,793
1274,16,794
1275,11,794
1276,11,795
1277,11,796
1278,16,797
1279,7,798
1280,19,798
1281,18,798
1282,16,799
1283,5,799
1284,11,800
1285,17,800
1286,6,801
1287,16,801
1288,11,802
1289,3,802
1290,3,803
1291,16,804
1292,3,804
1293,11,805
1294,11,806
1295,16,807
1296,3,807
1297,19,808
1298,6,808
1299,7,809
1300,19,809
1301,6,810
1302,16,810
1303,4,810
1304,16,811
1305,11,812
1306,16,813
1307,11,814
1308,11,816
1309,16,818
1310,16,819
1311,11,819
1312,11,820
1313,3,821
1314,11,822
1315,11,823
1316,11,824
1317,16,825
1318,3,825
1319,11,827
1320,19,828
1321,6,828
1322,16,829
1323,13,829
1324,16,830
1325,11,831
1326,11,832
1327,18,832
1328,16,833
1329,16,834
1330,11,835
1331,7,836
1332,19,836
1333,18,836
1334,6,837
1335,16,837
1336,16,838
1337,11,838
1338,3,838
1339,7,839
1340,18,839
1341,16,840
1342,5,841
1343,5,842
1344,11,843
1345,11,846
1346,16,847
1347,11,847
1348,11,848
1349,7,849
1350,19,849
1351,10,849
1352,18,849
1353,2,850
1354,11,850
1355,11,851
1356,16,852
1357,3,852
1358,11,853
1359,11,854
1360,11,855
1361,16,856
1362,11,857
1363,7,858
1364,2,858
1365,11,858
1366,14,859
1367,16,860
1368,7,861
1369,18,861
1370,11,862
1371,16,863
1372,16,864
1373,11,864
1374,11,865
1375,2,866
1376,11,866
1377,3,866
1378,18,866
1379,16,867
1380,2,867
1381,16,868
1382,2,869
1383,16,870
1384,11,873
1385,2,874
1386,11,874
1387,11,875
1388,7,876
1389,11,877
1390,11,878
1391,5,879
1392,10,880
1393,18,880
1394,6,881
1395,16,881
1396,11,882
1397,18,882
1398,11,884
1399,6,885
1400,11,885
1401,4,885
1402,7,886
1403,11,887
1404,15,888
1405,6,888
1406,3,889
1407,18,890
1408,5,891
1409,18,891
1410,16,892
1411,11,892
1412,3,892
1413,11,893
1414,3,894
1415,11,895
1416,11,896
1417,19,897
1418,8,897
1419,16,898
1420,3,898
1421,13,899
1422,3,899
1423,13,900
1424,3,900
1425,16,901
1426,13,901
1427,11,902
1428,3,902
1429,17,903
1430,18,903
1431,17,904
1432,18,904
1433,16,905
1434,17,906
1435,18,906
1436,16,907
1437,13,907
1438,3,907
1439,11,908
1440,18,908
1441,16,909
1442,11,909
1443,16,910
1444,2,910
1445,16,911
1446,17,911
1447,3,911
1448,18,911
1449,11,912
1450,3,912
1451,8,912
1452,1,913
1453,17,913
1454,13,914
1455,3,914
1456,16,915
1457,3,915
1458,16,916
1459,3,916
1460,6,917
1461,11,917
1462,13,918
1463,19,919
1464,6,919
1465,11,919
1466,13,919
1467,11,920
1468,3,920
1469,8,920
1470,16,921
1471,11,923
1472,11,924
1473,17,924
1474,10,924
1475,18,924
1476,19,925
1477,3,925
1478,11,926
1479,16,927
1480,3,928
1481,18,928
1482,18,929
1483,1,930
1484,3,930
1485,18,930
1486,17,931
1487,3,931
1488,18,931
1489,3,932
1490,16,933
1491,3,933
1492,18,933
1493,16,934
1494,16,935
1495,13,935
1496,16,936
1497,3,936
1498,16,937
1499,3,937
1500,13,938
1501,16,939
1502,11,939
1503,7,940
1504,19,940
1505,19,941
1506,2,942
1507,1,942
1508,17,942
1509,11,943
1510,3,943
1511,11,944
1512,16,945
1513,13,945
1514,3,945
1515,16,946
1516,11,946
1517,8,946
1518,16,947
1519,11,948
1520,11,949
1521,17,950
1522,16,951
1523,19,952
1524,16,952
1525,11,953
1526,11,954
1527,16,955
1528,11,956
1529,3,956
1530,11,957
1531,16,958
1532,17,958
1533,11,959
1534,2,960
1535,11,960
1536,11,961
1537,2,962
1538,11,962
1539,13,963
1540,12,964
1541,18,965
1542,11,966
1543,12,967
1544,5,968
1545,10,968
1546,7,969
1547,19,969
1548,3,969
1549,8,969
1550,16,970
1551,11,970
1552,11,971
1553,11,972
1554,11,973
1555,11,974
1556,3,974
1557,16,975
1558,13,975
1559,3,976
1560,8,976
1561,17,977
1562,11,978
1563,11,979
1564,8,979
1565,7,980
1566,11,981
1567,11,982
1568,3,983
1569,16,984
1570,11,984
1571,14,985
1572,19,986
1573,6,986
1574,11,987
1575,3,987
1576,16,988
1577,11,988
1578,11,989
1579,7,990
1580,19,990
1581,18,990
1582,11,991
1583,8,991
1584,18,992
1585,11,993
1586,11,994
1587,7,996
1588,11,996
1589,12,996
1590,11,997
1591,18,997
1592,7,998
1593,2,998
1594,2,999
1595,2,1000
1596,16,1001
1597,16,1002
1598,11,1003
1599,18,1003
1600,7,1004
1601,18,1004
1602,6,1005
1603,16,1005
1604,11,1006
1605,6,1007
1606,16,1007
1607,12,1007
1608,12,1008
1609,19,1009
1610,6,1009
1611,4,1009
1612,6,1010
1613,16,1010
1614,19,1011
1615,6,1011
1616,16,1011
1617,6,1012
1618,11,1012
1619,6,1013
1620,11,1013
1621,6,1014
1622,16,1014
1623,11,1014
1624,19,1015
1625,6,1015
1626,6,1016
1627,16,1016
1628,19,1017
1629,6,1017
1630,6,1018
1631,16,1018
1632,17,1018
1633,19,1019
1634,6,1019
1635,4,1019
1636,10,1019
1637,16,1020
1638,6,1021
1639,16,1021
1640,15,1022
1641,6,1022
1642,13,1022
1643,15,1023
1644,6,1023
1645,15,1024
1646,6,1024
1647,13,1024
1648,15,1025
1649,6,1025
1650,6,1026
1651,11,1026
1652,11,1027
1653,6,1028
1654,16,1028
1655,13,1028
1656,15,1029
1657,6,1029
1658,13,1029
1659,19,1030
1660,15,1030
1661,6,1030
1662,13,1030
1663,19,1031
1664,6,1031
1665,13,1031
1666,15,1032
1667,6,1032
1668,13,1032
1669,15,1033
1670,6,1033
1671,2,1034
1672,13,1035
1673,7,1036
1674,18,1036
1675,7,1037
1676,10,1037
1677,18,1037
1678,11,1038
1679,14,1039
1680,11,1040
1681,11,1041
1682,16,1042
1683,11,1043
1684,3,1043
1685,11,1044
1686,16,1045
1687,11,1045
1688,11,1046
1689,3,1046
1690,7,1047
1691,18,1047
1692,7,1049
1693,19,1049
1694,14,1050
1695,11,1050
1696,11,1051
1697,11,1052
1698,2,1053
1699,11,1053
1700,11,1054
1701,18,1055
1702,11,1056
1703,16,1057
1704,13,1057
1705,3,1057
1706,11,1059
1707,3,1059
1708,16,1060
1709,11,1060
1710,2,1061
1711,11,1061
1712,11,1062
1713,11,1063
1714,15,1064
1715,6,1064
1716,16,1064
1717,17,1065
1718,16,1066
1719,13,1066
1720,3,1066
1721,16,1067
1722,13,1067
1723,3,1067
1724,2,1068
1725,1,1068
1726,1,1069
1727,18,1069
1728,19,1070
1729,3,1071
1730,8,1071
1731,19,1073
1732,6,1073
1733,16,1073
1734,4,1073
1735,16,1075
1736,18,1076
1737,16,1077
1738,10,1077
1739,16,1078
1740,8,1078
1741,16,1079
1742,16,1080
1743,16,1081
1744,13,1081
1745,11,1082
1746,16,1083
1747,13,1083
1748,2,1084
1749,11,1084
1750,19,1085
1751,11,1085
1752,17,1086
1753,18,1086
1754,13,1087
1755,13,1088
1756,3,1088
1757,2,1089
1758,18,1089
1759,11,1090
1760,8,1090
1761,16,1091
1762,17,1092
1763,18,1092
1764,11,1093
1765,13,1093
1766,11,1094
1767,3,1094
1768,8,1094
1769,11,1095
1770,11,1096
1771,6,1097
1772,11,1097
1773,4,1097
1774,10,1097
1775,16,1098
1776,11,1099
1777,7,1100
1778,3,1100
1779,7,1101
1780,3,1101
1781,7,1102
1782,11,1103
1783,11,1104
1784,5,1105
1785,14,1106
1786,14,1108
1787,11,1109
1788,7,1110
1789,14,1111
1790,7,1112
1791,11,1112
1792,16,1113
1793,11,1114
1794,16,1115
1795,11,1115
1796,11,1116
1797,11,1117
1798,11,1120
1799,14,1122
1800,14,1123
1801,11,1124
1802,16,1125
1803,16,1126
1804,4,1126
1805,7,1127
1806,19,1127
1807,10,1127
1808,18,1127
1809,5,1128
1810,7,1129
1811,19,1129
1812,10,1129
1813,18,1129
1814,5,1130
1815,11,1131
1816,11,1132
1817,16,1133
1818,11,1133
1819,7,1134
1820,11,1134
1821,16,1135
1822,16,1136
1823,3,1137
1824,14,1138
1825,11,1139
1826,11,1140
1827,11,1141
1828,11,1142
1829,16,1143
1830,14,1144
1831,14,1145
1832,16,1146
1833,11,1146
1834,14,1147
1835,15,1148
1836,16,1148
1837,14,1149
1838,11,1149
1839,11,1150
1840,15,1151
1841,16,1151
1842,18,1151
1843,2,1152
1844,1,1152
1845,18,1152
1846,1,1153
1847,1,1154
1848,11,1155
1849,11,1156
1850,11,1157
1851,16,1158
1852,3,1159
1853,16,1160
1854,11,1161
1855,16,1162
1856,11,1163
1857,11,1164
1858,11,1165
1859,18,1165
1860,16,1166
1861,16,1167
1862,5,1168
1863,14,1169
1864,7,1170
1865,16,1171
1866,16,1172
1867,11,1172
1868,3,1172
1869,11,1173
1870,16,1174
1871,16,1175
1872,10,1175
1873,11,1176
1874,11,1177
1875,11,1178
1876,8,1178
1877,2,1179
1878,11,1179
1879,1,1179
1880,16,1180
1881,7,1181
1882,11,1183
1883,3,1183
1884,8,1183
1885,16,1184
1886,8,1184
1887,11,1185
1888,11,1186
1889,11,1187
1890,16,1188
1891,3,1188
1892,14,1189
1893,11,1190
1894,14,1191
1895,14,1192
1896,11,1193
1897,16,1194
1898,7,1196
1899,19,1196
1900,11,1196
1901,10,1196
1902,8,1196
1903,7,1197
1904,19,1197
1905,16,1197
1906,3,1197
1907,7,1198
1908,19,1198
1909,10,1199
1910,7,1200
1911,10,1200
1912,18,1200
1913,8,1200
1914,7,1201
1915,12,1201
1916,16,1202
1917,11,1203
1918,19,1204
1919,8,1204
1920,7,1205
1921,15,1205
1922,6,1205
1923,10,1205
1924,18,1205
1925,8,1205
1926,10,1206
1927,11,1207
1928,11,1208
1929,8,1208
1930,12,1209
1931,7,1210
1932,19,1210
1933,3,1210
1934,10,1210
1935,8,1210
1936,16,1211
1937,11,1211
1938,3,1211
1939,17,1212
1940,18,1212
1941,2,1213
1942,11,1213
1943,7,1214
1944,5,1214
1945,10,1214
1946,18,1214
1947,7,1215
1948,19,1215
1949,16,1215
1950,5,1215
1951,10,1215
1952,19,1216
1953,3,1216
1954,11,1217
1955,8,1217
1956,7,1218
1957,18,1218
1958,5,1219
1959,18,1219
1960,7,1220
1961,16,1220
1962,13,1220
1963,7,1221
1964,2,1221
1965,11,1221
1966,7,1222
1967,11,1222
1968,8,1222
1969,15,1223
1970,16,1223
1971,11,1224
1972,8,1224
1973,11,1225
1974,16,1226
1975,3,1226
1976,2,1227
1977,11,1227
1978,18,1227
1979,11,1228
1980,16,1230
1981,3,1230
1982,11,1231
1983,17,1232
1984,10,1232
1985,7,1233
1986,11,1233
1987,8,1233
1988,16,1234
1989,2,1234
1990,16,1235
1991,16,1236
1992,11,1236
1993,11,1237
1994,16,1238
1995,7,1240
1996,10,1240
1997,18,1240
1998,16,1241
1999,5,1241
2000,7,1242
2001,11,1242
2002,8,1242
2003,16,1243
2004,11,1243
2005,16,1244
2006,11,1244
2007,3,1244
2008,11,1245
2009,11,1246
2010,11,1247
2011,3,1247
2012,2,1248
2013,1,1248
2014,18,1248
2015,18,1249
2016,11,1250
2017,8,1250
2018,11,1251
2019,1,1252
2020,17,1252
2021,18,1252
2022,11,1253
2023,10,1253
2024,19,1254
2025,16,1255
2026,5,1255
2027,16,1256
2028,8,1256
2029,16,1257
2030,5,1258
2031,19,1259
2032,16,1259
2033,11,1259
2034,2,1260
2035,1,1260
2036,18,1260
2037,7,1261
2038,19,1261
2039,16,1261
2040,5,1261
2041,19,1262
2042,8,1262
2043,11,1263
2044,8,1263
2045,7,1264
2046,11,1264
2047,17,1264
2048,3,1264
2049,18,1264
2050,16,1265
2051,3,1265
2052,12,1266
2053,1,1267
2054,18,1267
2055,11,1268
2056,16,1269
2057,17,1269
2058,18,1269
2059,16,1270
2060,10,1270
2061,11,1271
2062,11,1272
2063,8,1272
2064,16,1273
2065,11,1273
2066,19,1274
2067,15,1274
2068,10,1274
2069,18,1274
2070,7,1275
2071,19,1275
2072,16,1276
2073,11,1276
2074,7,1277
2075,11,1277
2076,3,1277
2077,16,1278
2078,5,1278
2079,16,1279
2080,11,1279
2081,11,1280
2082,16,1281
2083,15,1282
2084,6,1282
2085,13,1282
2086,12,1283
2087,1,1284
2088,17,1284
2089,16,1285
2090,11,1286
2091,3,1286
2092,7,1287
2093,19,1287
2094,11,1287
2095,16,1288
2096,11,1288
2097,13,1288
2098,14,1289
2099,8,1289
2100,11,1290
2101,3,1290
2102,7,1291
2103,19,1291
2104,16,1292
2105,11,1293
2106,16,1294
2107,8,1294
2108,11,1295
2109,11,1296
2110,3,1296
2111,16,1297
2112,11,1298
2113,13,1298
2114,8,1298
2115,11,1299
2116,8,1299
2117,11,1300
2118,10,1301
2119,11,1302
2120,19,1303
2121,7,1304
2122,16,1304
2123,12,1304
2124,11,1305
2125,11,1306
2126,10,1306
2127,16,1307
2128,3,1307
2129,16,1308
2130,11,1309
2131,3,1309
2132,14,1310
2133,16,1311
2134,11,1312
2135,2,1313
2136,3,1314
2137,14,1315
2138,11,1316
2139,16,1317
2140,16,1318
2141,11,1318
2142,7,1320
2143,5,1320
2144,10,1320
2145,18,1320
2146,5,1321
2147,5,1322
2148,5,1323
2149,5,1324
2150,5,1325
2151,5,1326
2152,5,1327
2153,5,1328
2154,5,1329
2155,16,1330
2156,5,1330
2157,5,1331
2158,5,1332
2159,18,1332
2160,5,1333
2161,5,1334
2162,10,1334
2163,7,1335
2164,5,1335
2165,5,1336
2166,5,1337
2167,5,1339
2168,3,1339
2169,5,1340
2170,5,1341
2171,5,1342
2172,18,1343
2173,1,1344
2174,18,1344
2175,5,1345
2176,5,1346
2177,5,1347
2178,5,1348
2179,5,1350
2180,11,1351
2181,2,1352
2182,18,1352
2183,16,1353
2184,3,1353
2185,11,1354
2186,5,1355
2187,18,1355
2188,7,1356
2189,19,1356
2190,10,1356
2191,11,1357
2192,3,1357
2193,11,1358
2194,18,1358
2195,19,1359
2196,6,1359
2197,16,1359
2198,11,1360
2199,14,1361
2200,11,1362
2201,11,1363
2202,7,1364
2203,11,1365
2204,11,1366
2205,6,1367
2206,16,1367
2207,11,1368
2208,11,1369
2209,18,1369
2210,7,1370
2211,18,1370
2212,7,1371
2213,19,1371
2214,10,1371
2215,7,1372
2216,19,1372
2217,10,1372
2218,7,1373
2219,19,1373
2220,10,1373
2221,7,1374
2222,19,1374
2223,10,1374
2224,7,1375
2225,19,1375
2226,10,1375
2227,7,1376
2228,19,1376
2229,10,1376
2230,7,1377
2231,19,1377
2232,16,1377
2233,2,1377
2234,7,1378
2235,16,1378
2236,12,1378
2237,7,1379
2238,16,1379
2239,12,1379
2240,16,1380
2241,13,1380
2242,3,1380
2243,16,1381
2244,13,1381
2245,3,1381
2246,7,1382
2247,11,1382
2248,7,1383
2249,10,1383
2250,11,1384
2251,7,1385
2252,12,1386
2253,7,1387
2254,5,1387
2255,7,1388
2256,5,1388
2257,7,1389
2258,5,1389
2259,16,1390
2260,7,1391
2261,16,1391
2262,10,1391
2263,8,1391
2264,16,1392
2265,11,1392
2266,11,1393
2267,3,1393
2268,16,1394
2269,16,1395
2270,11,1395
2271,2,1396
2272,11,1396
2273,10,1396
2274,11,1397
2275,3,1398
2276,8,1398
2277,11,1399
2278,11,1400
2279,11,1401
2280,2,1404
2281,11,1404
2282,15,1405
2283,16,1405
2284,11,1406
2285,5,1407
2286,18,1407
2287,7,1408
2288,3,1408
2289,8,1408
2290,16,1409
2291,3,1409
2292,16,1410
2293,11,1410
2294,11,1411
2295,11,1412
2296,11,1413
2297,16,1414
2298,2,1415
2299,11,1415
2300,3,1415
2301,11,1416
2302,13,1416
2303,11,1417
2304,11,1419
2305,14,1420
2306,17,1422
2307,18,1422
2308,11,1423
2309,7,1424
2310,16,1425
2311,6,1426
2312,18,1427
2313,11,1428
2314,7,1429
2315,18,1430
2316,7,1431
2317,16,1431
2318,7,1432
2319,16,1433
2320,5,1433
2321,16,1436
2322,11,1437
2323,7,1438
2324,18,1438
2325,16,1439
2326,16,1440
2327,16,1441
2328,3,1441
2329,11,1442
2330,14,1443
2331,16,1444
2332,16,1445
2333,8,1445
2334,16,1446
2335,2,1447
2336,14,1448
2337,16,1449
2338,16,1453
2339,3,1453
2340,16,1454
2341,16,1455
2342,3,1455
2343,16,1456
2344,16,1457
2345,3,1457
2346,3,1458
2347,17,1459
2348,18,1459
2349,6,1460
2350,16,1460
2351,17,1460
2352,16,1461
2353,14,1462
2354,16,1463
2355,3,1463
2356,17,1464
2357,11,1465
2358,2,1466
2359,11,1466
2360,16,1467
2361,11,1467
2362,16,1468
2363,3,1468
2364,14,1470
2365,11,1471
2366,2,1472
2367,18,1472
2368,7,1473
2369,16,1473
2370,2,1473
2371,11,1473
2372,3,1475
2373,16,1476
2374,11,1476
2375,3,1477
2376,7,1479
2377,3,1479
2378,18,1479
2379,7,1480
2380,11,1480
2381,18,1480
2382,16,1482
2383,11,1482
2384,11,1483
2385,18,1483
2386,17,1484
2387,16,1485
2388,11,1486
2389,11,1487
2390,13,1487
2391,7,1488
2392,11,1488
2393,18,1488
2394,8,1488
2395,15,1489
2396,6,1489
2397,13,1489
2398,16,1490
2399,3,1493
2400,16,1494
2401,7,1495
2402,19,1495
2403,6,1495
2404,11,1496
2405,3,1496
2406,7,1497
2407,11,1498
2408,3,1498
2409,7,1499
2410,19,1499
2411,18,1499
2412,16,1500
2413,2,1500
2414,2,1501
2415,3,1502
2416,16,1503
2417,11,1504
2418,11,1507
2419,8,1507
2420,11,1508
2421,11,1509
2422,11,1510
2423,16,1511
2424,16,1513
2425,3,1514
2426,11,1515
2427,18,1515
2428,16,1516
2429,16,1517
2430,7,1518
2431,18,1518
2432,11,1519
2433,3,1520
2434,11,1522
2435,7,1523
2436,2,1523
2437,3,1523
2438,11,1524
2439,7,1525
2440,19,1525
2441,6,1525
2442,4,1525
2443,16,1526
2444,7,1527
2445,10,1527
2446,16,1528
2447,11,1529
2448,11,1531
2449,16,1532
2450,11,1533
2451,11,1534
2452,11,1535
2453,3,1535
2454,16,1537
2455,19,1538
2456,6,1538
2457,16,1539
2458,2,1539
2459,16,1541
2460,3,1541
2461,16,1542
2462,11,1542
2463,3,1542
2464,11,1543
2465,7,1544
2466,19,1544
2467,10,1544
2468,18,1544
2469,11,1545
2470,16,1546
2471,6,1547
2472,11,1547
2473,11,1548
2474,11,1549
2475,3,1549
2476,16,1550
2477,3,1550
2478,19,1551
2479,6,1551
2480,11,1551
2481,7,1552
2482,19,1552
2483,18,1552
2484,16,1553
2485,11,1554
2486,3,1554
2487,7,1556
2488,3,1556
2489,18,1556
2490,11,1557
2491,16,1558
2492,11,1559
2493,16,1561
2494,7,1562
2495,19,1562
2496,2,1562
2497,11,1563
2498,16,1564
2499,3,1564
2500,16,1565
2501,18,1565
2502,19,1566
2503,15,1566
2504,6,1566
2505,16,1566
2506,13,1566
2507,11,1567
2508,2,1568
2509,11,1568
2510,17,1568
2511,16,1569
2512,3,1569
2513,10,1570
2514,16,1571
2515,3,1571
2516,11,1572
2517,7,1573
2518,10,1573
2519,18,1573
2520,3,1574
2521,11,1575
2522,11,1577
2523,2,1578
2524,11,1579
2525,7,1580
2526,19,1580
2527,16,1580
2528,10,1580
2529,16,1581
2530,19,1582
2531,6,1582
2532,6,1583
2533,4,1583
2534,11,1584
2535,10,1584
2536,16,1585
2537,7,1586
2538,11,1586
2539,8,1586
2540,7,1587
2541,19,1587
2542,6,1588
2543,16,1588
2544,2,1589
2545,11,1589
2546,17,1589
2547,7,1590
2548,17,1590
2549,10,1590
2550,18,1590
2551,7,1591
2552,19,1591
2553,10,1591
2554,18,1591
2555,6,1592
2556,16,1592
2557,16,1593
2558,3,1593
2559,11,1594
2560,19,1595
2561,6,1595
2562,11,1595
2563,11,1596
2564,7,1597
2565,17,1597
2566,3,1597
2567,18,1597
2568,2,1598
2569,11,1598
2570,18,1598
2571,7,1599
2572,11,1600
2573,3,1600
2574,2,1601
2575,11,1601
2576,1,1601
2577,16,1602
2578,10,1603
2579,18,1603
2580,7,1604
2581,16,1604
2582,19,1605
2583,3,1605
2584,7,1606
2585,19,1606
2586,7,1608
2587,18,1608
2588,11,1609
2589,7,1610
2590,18,1610
2591,11,1611
2592,16,1612
2593,11,1613
2594,16,1614
2595,19,1615
2596,18,1615
2597,7,1616
2598,18,1616
2599,8,1616
2600,2,1617
2601,1,1617
2602,17,1617
2603,18,1617
2604,11,1619
2605,8,1619
2606,2,1620
2607,11,1620
2608,18,1620
2609,11,1621
2610,16,1622
2611,11,1622
2612,5,1623
2613,11,1624
2614,17,1625
2615,18,1625
2616,7,1626
2617,11,1626
2618,18,1626
2619,7,1627
2620,2,1627
2621,17,1627
2622,11,1628
2623,16,1629
2624,3,1629
2625,16,1630
2626,11,1630
2627,18,1631
2628,16,1632
2629,3,1632
2630,11,1633
2631,11,1635
2632,7,1636
2633,18,1636
2634,11,1639
2635,3,1639
2636,16,1640
2637,16,1641
2638,11,1643
2639,3,1643
2640,5,1644
2641,17,1644
2642,18,1644
2643,2,1645
2644,5,1645
2645,17,1645
2646,18,1645
2647,16,1646
2648,2,1647
2649,18,1647
2650,16,1648
2651,11,1648
2652,18,1648
2653,14,1649
2654,11,1650
2655,11,1651
2656,14,1652
2657,11,1653
2658,10,1653
2659,18,1653
2660,6,1654
2661,11,1654
2662,4,1654
2663,5,1655
2664,3,1656
2665,14,1657
2666,3,1658
2667,18,1658
2668,11,1659
2669,11,1660
2670,18,1661
2671,2,1662
2672,16,1663
2673,11,1664
2674,16,1665
2675,3,1666
2676,7,1667
2677,11,1667
2678,11,1668
2679,3,1669
2680,11,1670
2681,8,1670
2682,2,1671
2683,11,1672
2684,11,1673
2685,11,1674
2686,3,1674
2687,18,1674
2688,2,1675
2689,18,1675
2690,7,1676
2691,19,1676
2692,10,1676
2693,8,1676
2694,16,1677
2695,11,1678
2696,16,1679
2697,11,1680
2698,3,1680
2699,7,1681
2700,19,1681
2701,11,1682
2702,11,1683
2703,3,1683
2704,18,1683
2705,3,1684
2706,3,1685
2707,2,1686
2708,18,1686
2709,7,1687
2710,18,1687
2711,15,1688
2712,6,1688
2713,13,1688
2714,16,1689
2715,17,1689
2716,7,1690
2717,5,1690
2718,10,1690
2719,5,1692
2720,10,1692
2721,11,1693
2722,11,1694
2723,11,1695
2724,11,1696
2725,8,1696
2726,2,1697
2727,16,1698
2728,11,1699
2729,16,1701
2730,11,1701
2731,6,1702
2732,16,1702
2733,4,1702
2734,16,1703
2735,11,1704
2736,11,1705
2737,6,1707
2738,16,1707
2739,11,1708
2740,18,1709
2741,11,1710
2742,16,1711
2743,2,1711
2744,11,1711
2745,17,1711
2746,3,1714
2747,18,1715
2748,11,1716
2749,5,1717
2750,18,1717
2751,18,1718
2752,11,1719
2753,7,1720
2754,19,1720
2755,10,1720
2756,11,1721
2757,3,1721
2758,7,1722
2759,3,1722
2760,18,1722
2761,16,1723
2762,11,1723
2763,11,1724
2764,11,1725
2765,11,1726
2766,11,1727
2767,11,1728
2768,2,1729
2769,11,1729
2770,11,1730
2771,16,1731
2772,16,1732
2773,2,1732
2774,17,1732
2775,18,1732
2776,11,1733
2777,3,1733
2778,16,1734
2779,11,1734
2780,11,1735
2781,3,1735
2782,7,1739
2783,6,1739
2784,7,1740
2785,11,1740
2786,11,1741
2787,2,1742
2788,14,1743
2789,7,1744
2790,19,1744
2791,18,1744
2792,16,1746
2793,16,1747
2794,11,1747
2795,1,1748
2796,10,1748
2797,18,1748
2798,3,1749
2799,19,1750
2800,6,1750
2801,4,1750
2802,10,1750
2803,7,1752
2804,18,1752
2805,16,1753
2806,7,1754
2807,17,1754
2808,18,1754
2809,3,1755
2810,5,1756
2811,11,1757
2812,11,1758
2813,11,1759
2814,16,1760
2815,13,1760
2816,7,1762
2817,5,1762
2818,10,1762
2819,16,1764
2820,18,1764
2821,2,1765
2822,11,1765
2823,11,1767
2824,3,1767
2825,11,1768
2826,7,1769
2827,18,1769
2828,3,1770
2829,18,1770
2830,5,1771
2831,7,1772
2832,16,1772
2833,13,1772
2834,7,1773
2835,11,1773
2836,16,1774
2837,11,1774
2838,11,1776
2839,16,1777
2840,3,1777
2841,19,1779
2842,10,1779
2843,18,1779
2844,14,1780
2845,16,1782
2846,3,1782
2847,1,1783
2848,17,1783
2849,18,1783
2850,16,1784
2851,11,1784
2852,7,1785
2853,2,1785
2854,14,1787
2855,7,1788
2856,11,1788
2857,11,1789
2858,2,1791
2859,11,1791
2860,7,1792
2861,18,1792
2862,16,1793
2863,16,1794
2864,11,1794
2865,11,1795
2866,7,1796
2867,11,1796
2868,14,1797
2869,18,1798
2870,2,1799
2871,11,1799
2872,7,1801
2873,11,1801
2874,3,1801
2875,2,1804
2876,11,1804
2877,2,1805
2878,11,1805
2879,17,1805
2880,18,1805
2881,19,1806
2882,6,1806
2883,16,1806
2884,11,1807
2885,16,1809
2886,2,1809
2887,11,1809
2888,11,1810
2889,11,1811
2890,6,1812
2891,16,1812
2892,11,1812
2893,11,1814
2894,11,1815
2895,16,1816
2896,11,1816
2897,16,1817
2898,11,1817
2899,3,1817
2900,11,1819
2901,11,1820
2902,16,1821
2903,3,1821
2904,6,1822
2905,16,1822
2906,16,1824
2907,18,1824
2908,7,1825
2909,11,1825
2910,19,1826
2911,6,1826
2912,16,1827
2913,14,1827
2914,11,1829
2915,3,1829
2916,16,1830
2917,7,1831
2918,10,1831
2919,18,1831
2920,7,1832
2921,11,1832
2922,7,1833
2923,11,1833
2924,18,1833
2925,11,1834
2926,18,1834
2927,3,1835
2928,11,1836
2929,16,1837
2930,16,1839
2931,11,1840
2932,11,1841
2933,18,1841
2934,2,1842
2935,11,1842
2936,6,1843
2937,16,1843
2938,11,1844
2939,16,1845
2940,18,1845
2941,11,1846
2942,11,1847
2943,18,1847
2944,19,1848
2945,6,1848
2946,16,1848
2947,4,1848
2948,19,1849
2949,11,1850
2950,3,1850
2951,11,1851
2952,3,1851
2953,11,1852
2954,18,1852
2955,16,1853
2956,16,1854
2957,3,1854
2958,16,1855
2959,14,1856
2960,13,1856
2961,16,1857
2962,7,1858
2963,16,1858
2964,11,1859
2965,11,1860
2966,16,1861
2967,18,1861
2968,5,1862
2969,10,1862
2970,16,1863
2971,16,1864
2972,14,1865
2973,7,1866
2974,16,1866
2975,7,1867
2976,19,1867
2977,7,1869
2978,18,1869
2979,16,1870
2980,11,1870
2981,16,1871
2982,11,1871
2983,11,1872
2984,11,1873
2985,16,1874
2986,3,1874
2987,16,1875
2988,7,1876
2989,11,1876
2990,10,1876
2991,18,1876
2992,11,1877
2993,16,1878
2994,3,1878
2995,11,1879
2996,11,1880
2997,19,1881
2998,15,1881
2999,6,1881
3000,4,1881
3001,7,1882
3002,10,1882
3003,16,1883
3004,16,1884
3005,11,1884
3006,16,1885
3007,11,1885
3008,16,1886
3009,19,1887
3010,16,1887
3011,16,1888
3012,11,1888
3013,3,1888
3014,18,1889
3015,11,1890
3016,5,1891
3017,18,1891
3018,17,1892
3019,18,1892
3020,11,1893
3021,19,1894
3022,16,1894
3023,3,1894
3024,16,1895
3025,11,1895
3026,3,1895
3027,16,1896
3028,11,1897
3029,3,1897
3030,11,1898
3031,8,1898
3032,19,1899
3033,11,1899
3034,11,1900
3035,14,1901
3036,11,1902
3037,3,1902
3038,16,1903
3039,16,1904
3040,11,1904
3041,11,1905
3042,16,1906
3043,3,1906
3044,15,1907
3045,6,1907
3046,11,1908
3047,18,1908
3048,17,1909
3049,10,1909
3050,18,1909
3051,7,1910
3052,16,1910
3053,2,1910
3054,16,1911
3055,7,1912
3056,2,1912
3057,3,1912
3058,11,1913
3059,17,1913
3060,16,1914
3061,11,1914
3062,11,1915
3063,7,1916
3064,16,1916
3065,11,1916
3066,7,1917
3067,19,1917
3068,10,1917
3069,18,1917
3070,7,1918
3071,16,1918
3072,2,1918
3073,11,1918
3074,6,1919
3075,16,1919
3076,15,1920
3077,6,1920
3078,4,1920
3079,8,1920
3080,10,1921
3081,18,1921
3082,11,1922
3083,16,1923
3084,5,1924
3085,10,1924
3086,11,1925
3087,3,1925
3088,8,1925
3089,13,1926
3090,8,1927
3091,12,1928
3092,11,1929
3093,11,1930
3094,19,1931
3095,13,1932
3096,11,1933
3097,16,1934
3098,11,1935
3099,11,1936
3100,8,1936
3101,16,1937
3102,11,1938
3103,11,1939
3104,8,1939
3105,11,1940
3106,11,1941
3107,11,1942
3108,11,1943
3109,11,1944
3110,3,1944
3111,8,1944
3112,2,1945
3113,11,1945
3114,11,1946
3115,3,1946
3116,13,1947
3117,3,1947
3118,16,1948
3119,11,1949
3120,11,1950
3121,17,1950
3122,13,1951
3123,11,1952
3124,7,1953
3125,2,1953
3126,11,1953
3127,18,1953
3128,7,1954
3129,11,1954
3130,11,1955
3131,11,1956
3132,11,1957
3133,16,1958
3134,11,1958
3135,11,1959
3136,3,1959
3137,11,1960
3138,8,1960
3139,11,1961
3140,11,1962
3141,16,1963
3142,11,1964
3143,17,1964
3144,16,1965
3145,10,1965
3146,16,1966
3147,19,1967
3148,6,1967
3149,4,1967
3150,16,1968
3151,11,1968
3152,5,1969
3153,5,1970
3154,5,1971
3155,5,1972
3156,5,1973
3157,5,1974
3158,5,1975
3159,5,1976
3160,5,1977
3161,5,1978
3162,5,1979
3163,5,1980
3164,5,1981
3165,5,1982
3166,5,1983
3167,5,1984
3168,5,1985
3169,5,1986
3170,5,1987
3171,5,1988
3172,5,1989
3173,5,1990
3174,5,1991
3175,5,1992
3176,5,1993
3177,5,1994
3178,18,1994
3179,5,1995
3180,18,1995
3181,5,1996
3182,18,1996
3183,5,1997
3184,5,1998
3185,5,1999
3186,7,2000
3187,16,2000
3188,2,2000
3189,11,2000
3190,7,2001
3191,16,2001
3192,2,2001
3193,11,2001
3194,7,2002
3195,16,2002
3196,2,2002
3197,11,2002
3198,16,2003
3199,5,2003
3200,16,2004
3201,5,2004
3202,19,2005
3203,6,2005
3204,4,2005
3205,7,2006
3206,19,2006
3207,3,2006
3208,16,2007
3209,2,2008
3210,11,2008
3211,1,2008
3212,10,2009
3213,18,2009
3214,10,2010
3215,16,2011
3216,10,2011
3217,16,2012
3218,10,2012
3219,12,2012
3220,7,2013
3221,19,2013
3222,6,2014
3223,16,2014
3224,6,2015
3225,16,2015
3226,4,2015
3227,6,2016
3228,16,2016
3229,12,2016
3230,6,2017
3231,4,2017
3232,13,2017
3233,15,2018
3234,6,2018
3235,7,2019
3236,11,2019
3237,11,2020
3238,3,2020
3239,4,2021
3240,10,2021
3241,11,2022
3242,7,2023
3243,2,2023
3244,11,2023
3245,11,2024
3246,17,2024
3247,11,2025
3248,3,2025
3249,5,2026
3250,18,2026
3251,16,2027
3252,2,2027
3253,7,2028
3254,11,2028
3255,8,2028
3256,16,2029
3257,3,2029
3258,6,2031
3259,16,2031
3260,6,2032
3261,16,2032
3262,15,2033
3263,6,2033
3264,10,2034
3265,6,2035
3266,16,2035
3267,6,2036
3268,16,2036
3269,19,2037
3270,6,2037
3271,16,2037
3272,6,2038
3273,16,2038
3274,10,2038
3275,19,2039
3276,6,2039
3277,6,2040
3278,16,2040
3279,7,2041
3280,19,2041
3281,6,2041
3282,16,2041
3283,6,2042
3284,16,2042
3285,19,2043
3286,6,2043
3287,4,2043
3288,16,2044
3289,19,2045
3290,6,2045
3291,11,2045
3292,3,2045
3293,19,2046
3294,6,2046
3295,10,2046
3296,6,2047
3297,15,2048
3298,6,2048
3299,16,2049
3300,13,2049
3301,19,2050
3302,6,2050
3303,16,2050
3304,19,2051
3305,6,2051
3306,16,2051
3307,6,2052
3308,16,2052
3309,6,2053
3310,16,2053
3311,10,2053
3312,19,2054
3313,6,2054
3314,16,2054
3315,4,2054
3316,10,2054
3317,16,2055
3318,12,2055
3319,19,2056
3320,6,2056
3321,19,2057
3322,6,2057
3323,7,2058
3324,18,2058
3325,6,2059
3326,11,2059
3327,16,2060
3328,14,2061
3329,11,2062
3330,3,2062
3331,11,2063
3332,3,2063
3333,16,2064
3334,14,2064
3335,16,2065
3336,11,2065
3337,3,2065
3338,1,2066
3339,11,2067
3340,3,2067
3341,8,2067
3342,11,2068
3343,11,2069
3344,11,2070
3345,11,2071
3346,16,2072
3347,16,2073
3348,11,2074
3349,11,2075
3350,8,2075
3351,11,2076
3352,17,2076
3353,19,2077
3354,6,2077
3355,15,2078
3356,6,2078
3357,16,2078
3358,13,2078
3359,6,2079
3360,11,2079
3361,15,2080
3362,6,2080
3363,16,2080
3364,13,2080
3365,3,2080
3366,15,2081
3367,6,2081
3368,16,2081
3369,13,2081
3370,3,2081
3371,6,2082
3372,16,2082
3373,6,2083
3374,13,2083
3375,6,2084
3376,13,2084
3377,15,2085
3378,6,2085
3379,11,2086
3380,4,2086
3381,15,2087
3382,6,2087
3383,4,2087
3384,13,2087
3385,19,2088
3386,16,2088
3387,13,2088
3388,15,2089
3389,6,2089
3390,15,2090
3391,6,2090
3392,6,2091
3393,10,2091
3394,15,2092
3395,6,2092
3396,13,2092
3397,19,2093
3398,6,2093
3399,4,2093
3400,10,2093
3401,7,2094
3402,19,2094
3403,10,2094
3404,6,2095
3405,16,2095
3406,15,2096
3407,6,2096
3408,13,2096
3409,6,2097
3410,5,2097
3411,6,2098
3412,16,2098
3413,19,2099
3414,15,2099
3415,6,2099
3416,13,2099
3417,16,2100
3418,4,2100
3419,3,2100
3420,19,2101
3421,11,2101
3422,15,2102
3423,6,2102
3424,16,2102
3425,13,2102
3426,19,2103
3427,6,2103
3428,11,2104
3429,7,2105
3430,19,2105
3431,4,2105
3432,10,2105
3433,11,2106
3434,8,2106
3435,5,2107
3436,18,2107
3437,16,2108
3438,3,2108
3439,16,2109
3440,16,2110
3441,2,2110
3442,18,2110
3443,16,2111
3444,2,2112
3445,11,2112
3446,5,2113
3447,18,2113
3448,11,2114
3449,7,2115
3450,19,2115
3451,19,2116
3452,15,2116
3453,6,2116
3454,10,2116
3455,11,2117
3456,10,2117
3457,5,2118
3458,18,2118
3459,5,2119
3460,11,2120
3461,5,2120
3462,5,2121
3463,18,2121
3464,5,2122
3465,18,2122
3466,15,2123
3467,6,2123
3468,16,2124
3469,11,2125
3470,3,2125
3471,7,2126
3472,2,2126
3473,17,2126
3474,18,2126
3475,11,2127
3476,3,2127
3477,16,2128
3478,14,2129
3479,2,2130
3480,11,2130
3481,3,2130
3482,11,2131
3483,11,2132
3484,19,2133
3485,16,2133
3486,16,2134
3487,19,2135
3488,13,2135
3489,16,2136
3490,15,2137
3491,6,2137
3492,15,2138
3493,6,2138
3494,11,2138
3495,4,2138
3496,15,2139
3497,6,2139
3498,6,2140
3499,4,2140
3500,10,2140
3501,15,2141
3502,6,2141
3503,16,2141
3504,15,2142
3505,6,2142
3506,16,2142
3507,19,2143
3508,4,2143
3509,3,2143
3510,16,2144
3511,16,2145
3512,11,2145
3513,3,2145
3514,11,2146
3515,3,2146
3516,11,2147
3517,16,2148
3518,5,2148
3519,16,2149
3520,5,2149
3521,16,2150
3522,16,2151
3523,6,2152
3524,16,2152
3525,7,2153
3526,19,2153
3527,11,2154
3528,3,2154
3529,16,2155
3530,16,2156
3531,11,2156
3532,3,2157
3533,2,2158
3534,5,2158
3535,2,2159
3536,5,2159
3537,5,2160
3538,18,2160
3539,19,2161
3540,6,2161
3541,4,2161
3542,19,2162
3543,6,2162
3544,4,2162
3545,16,2163
3546,5,2163
3547,11,2164
3548,11,2165
3549,11,2166
3550,3,2166
3551,7,2167
3552,19,2167
3553,5,2167
3554,11,2168
3555,3,2168
3556,16,2169
3557,7,2170
3558,16,2170
3559,16,2171
3560,11,2171
3561,3,2171
3562,19,2173
3563,4,2173
3564,10,2173
3565,16,2174
3566,4,2174
3567,11,2175
3568,3,2175
3569,18,2176
3570,16,2177
3571,18,2177
3572,18,2178
3573,18,2179
3574,18,2180
3575,18,2181
3576,11,2182
3577,1,2182
3578,18,2182
3579,18,2183
3580,17,2184
3581,18,2184
3582,18,2185
3583,1,2186
3584,18,2186
3585,17,2187
3586,18,2187
3587,11,2188
3588,15,2189
3589,11,2190
3590,16,2191
3591,11,2192
3592,7,2193
3593,19,2193
3594,4,2193
3595,7,2194
3596,2,2194
3597,11,2194
3598,16,2195
3599,7,2196
3600,11,2197
3601,14,2198
3602,2,2199
3603,11,2199
3604,11,2200
3605,11,2201
3606,11,2202
3607,18,2202
3608,8,2202
3609,1,2203
3610,18,2203
3611,18,2204
3612,16,2205
3613,17,2206
3614,18,2206
3615,11,2207
3616,16,2208
3617,17,2208
3618,3,2208
3619,18,2208
3620,2,2209
3621,18,2209
3622,18,2210
3623,18,2211
3624,18,2212
3625,18,2214
3626,16,2215
3627,3,2215
3628,11,2216
3629,16,2217
3630,13,2217
3631,11,2218
3632,17,2219
3633,18,2219
3634,11,2220
3635,18,2221
3636,16,2222
3637,16,2223
3638,11,2224
3639,11,2225
3640,11,2226
3641,18,2227
3642,11,2228
3643,11,2229
3644,16,2230
3645,2,2231
3646,11,2231
3647,10,2232
3648,18,2232
3649,11,2233
3650,11,2234
3651,11,2235
3652,8,2235
3653,11,2236
3654,11,2237
3655,11,2240
3656,16,2241
3657,11,2242
3658,16,2243
3659,11,2243
3660,3,2243
3661,16,2244
3662,3,2244
3663,16,2245
3664,11,2245
3665,16,2246
3666,16,2247
3667,16,2248
3668,11,2248
3669,3,2248
3670,16,2249
3671,11,2250
3672,16,2251
3673,16,2252
3674,11,2252
3675,7,2253
3676,16,2253
3677,4,2253
3678,11,2254
3679,16,2255
3680,5,2256
3681,10,2256
3682,16,2257
3683,3,2257
3684,7,2258
3685,16,2259
3686,3,2259
3687,7,2260
3688,2,2260
3689,16,2261
3690,16,2262
3691,11,2262
3692,3,2262
3693,18,2263
3694,11,2264
3695,19,2265
3696,16,2265
3697,16,2266
3698,3,2266
3699,17,2267
3700,18,2267
3701,2,2268
3702,11,2268
3703,11,2269
3704,14,2270
3705,11,2271
3706,11,2272
3707,7,2273
3708,18,2273
3709,11,2274
3710,7,2275
3711,19,2275
3712,10,2275
3713,11,2276
3714,11,2277
3715,7,2278
3716,2,2278
3717,18,2278
3718,5,2279
3719,18,2279
3720,2,2280
3721,2,2281
3722,16,2282
3723,11,2282
3724,11,2283
3725,11,2284
3726,11,2285
3727,16,2286
3728,10,2287
3729,18,2287
3730,8,2287
3731,7,2288
3732,5,2288
3733,10,2288
3734,18,2288
3735,16,2289
3736,11,2289
3737,16,2290
3738,11,2290
3739,11,2291
3740,3,2291
3741,3,2292
3742,11,2293
3743,15,2294
3744,6,2294
3745,16,2295
3746,16,2296
3747,11,2297
3748,3,2297
3749,18,2298
3750,16,2299
3751,16,2300
3752,13,2300
3753,16,2301
3754,16,2302
3755,11,2303
3756,13,2303
3757,11,2304
3758,11,2305
3759,16,2306
3760,7,2307
3761,11,2307
3762,7,2308
3763,2,2308
3764,11,2309
3765,11,2310
3766,17,2311
3767,10,2311
3768,11,2312
3769,11,2313
3770,11,2314
3771,5,2315
3772,18,2315
3773,11,2316
3774,3,2316
3775,16,2317
3776,16,2318
3777,16,2319
3778,11,2320
3779,18,2320
3780,16,2321
3781,7,2322
3782,19,2322
3783,10,2322
3784,18,2322
3785,8,2322
3786,14,2323
3787,16,2324
3788,11,2324
3789,16,2325
3790,11,2326
3791,18,2326
3792,5,2327
3793,5,2328
3794,11,2329
3795,14,2330
3796,16,2331
3797,3,2331
3798,2,2332
3799,11,2332
3800,11,2333
3801,7,2334
3802,18,2334
3803,16,2335
3804,11,2336
3805,11,2337
3806,5,2338
3807,17,2338
3808,18,2338
3809,16,2339
3810,3,2339
3811,3,2340
3812,11,2341
3813,16,2342
3814,11,2343
3815,7,2344
3816,19,2344
3817,11,2344
3818,18,2344
3819,11,2345
3820,10,2346
3821,18,2346
3822,7,2347
3823,11,2348
3824,16,2349
3825,18,2349
3826,16,2350
3827,11,2351
3828,16,2352
3829,11,2352
3830,7,2353
3831,18,2353
3832,15,2354
3833,6,2354
3834,16,2354
3835,15,2355
3836,6,2355
3837,16,2355
3838,16,2356
3839,11,2357
3840,11,2358
3841,16,2359
3842,11,2360
3843,16,2361
3844,11,2362
3845,7,2363
3846,10,2363
3847,7,2364
3848,10,2364
3849,7,2366
3850,19,2366
3851,5,2366
3852,7,2367
3853,19,2367
3854,5,2367
3855,7,2368
3856,19,2368
3857,5,2368
3858,16,2369
3859,3,2369
3860,7,2370
3861,19,2370
3862,11,2370
3863,16,2371
3864,16,2372
3865,7,2373
3866,19,2373
3867,16,2374
3868,11,2374
3869,16,2375
3870,7,2376
3871,5,2377
3872,10,2377
3873,16,2378
3874,16,2379
3875,16,2380
3876,16,2381
3877,16,2382
3878,16,2383
3879,6,2384
3880,16,2384
3881,16,2385
3882,3,2385
3883,11,2386
3884,16,2387
3885,2,2387
3886,11,2388
3887,3,2388
3888,2,2389
3889,5,2389
3890,18,2389
3891,16,2390
3892,2,2391
3893,18,2391
3894,16,2392
3895,11,2392
3896,7,2393
3897,10,2393
3898,15,2394
3899,13,2394
3900,16,2395
3901,16,2396
3902,3,2396
3903,11,2397
3904,11,2398
3905,19,2399
3906,6,2399
3907,4,2399
3908,6,2400
3909,11,2400
3910,12,2401
3911,7,2402
3912,8,2402
3913,7,2403
3914,7,2404
3915,8,2404
3916,7,2405
3917,19,2405
3918,16,2405
3919,3,2405
3920,7,2406
3921,19,2406
3922,16,2406
3923,3,2406
3924,16,2407
3925,10,2407
3926,16,2408
3927,10,2408
3928,7,2409
3929,11,2409
3930,7,2410
3931,11,2410
3932,7,2411
3933,11,2411
3934,7,2412
3935,11,2412
3936,16,2413
3937,17,2413
3938,7,2414
3939,19,2414
3940,17,2414
3941,11,2415
3942,3,2415
3943,16,2416
3944,16,2417
3945,11,2417
3946,16,2418
3947,11,2419
3948,18,2419
3949,11,2420
3950,7,2421
3951,19,2421
3952,11,2421
3953,7,2422
3954,19,2422
3955,11,2422
3956,16,2423
3957,16,2424
3958,3,2424
3959,2,2425
3960,16,2426
3961,11,2426
3962,3,2426
3963,7,2427
3964,11,2427
3965,8,2427
3966,5,2428
3967,10,2428
3968,19,2429
3969,6,2429
3970,11,2429
3971,19,2430
3972,6,2430
3973,11,2430
3974,16,2431
3975,11,2431
3976,11,2432
3977,11,2433
3978,11,2434
3979,11,2435
3980,16,2436
3981,11,2437
3982,11,2438
3983,18,2438
3984,11,2439
3985,11,2440
3986,11,2441
3987,12,2441
3988,11,2442
3989,11,2443
3990,3,2443
3991,16,2444
3992,11,2444
3993,11,2445
3994,18,2446
3995,16,2447
3996,11,2447
3997,5,2448
3998,10,2448
3999,19,2449
4000,6,2449
4001,19,2450
4002,6,2450
4003,10,2450
4004,5,2451
4005,5,2452
4006,11,2453
4007,4,2453
4008,5,2454
4009,10,2454
4010,5,2455
4011,10,2455
4012,5,2456
4013,10,2456
4014,7,2457
4015,16,2457
4016,16,2458
4017,2,2458
4018,5,2459
4019,5,2460
4020,5,2461
4021,5,2462
4022,16,2463
4023,5,2464
4024,5,2465
4025,11,2466
4026,17,2467
4027,7,2468
4028,16,2468
4029,3,2468
4030,18,2468
4031,16,2469
4032,3,2469
4033,19,2470
4034,16,2470
4035,19,2471
4036,16,2471
4037,16,2472
4038,16,2473
4039,11,2474
4040,7,2475
4041,17,2475
4042,18,2475
4043,7,2476
4044,8,2476
4045,19,2477
4046,16,2478
4047,12,2478
4048,11,2479
4049,18,2479
4050,11,2480
4051,11,2481
4052,3,2481
4053,16,2482
4054,3,2482
4055,16,2483
4056,5,2483
4057,18,2483
4058,16,2485
4059,3,2485
4060,11,2486
4061,7,2487
4062,16,2487
4063,11,2488
4064,5,2488
4065,18,2488
4066,11,2489
4067,7,2490
4068,18,2490
4069,16,2491
4070,3,2491
4071,16,2492
4072,11,2493
4073,14,2494
4074,15,2495
4075,10,2495
4076,16,2496
4077,3,2496
4078,3,2497
4079,16,2498
4080,10,2498
4081,16,2499
4082,16,2500
4083,11,2501
4084,16,2502
4085,3,2502
4086,11,2503
4087,16,2504
4088,11,2504
4089,18,2505
4090,16,2506
4091,11,2506
4092,3,2506
4093,16,2507
4094,11,2508
4095,16,2509
4096,16,2510
4097,3,2510
4098,2,2511
4099,11,2512
4100,5,2513
4101,5,2514
4102,5,2515
4103,5,2516
4104,5,2517
4105,16,2518
4106,5,2519
4107,11,2520
4108,11,2521
4109,11,2522
4110,11,2523
4111,18,2523
4112,7,2524
4113,11,2524
4114,7,2525
4115,5,2525
4116,10,2525
4117,10,2526
4118,7,2527
4119,10,2527
4120,18,2527
4121,12,2527
4122,7,2528
4123,19,2528
4124,10,2528
4125,7,2529
4126,10,2529
4127,7,2530
4128,10,2530
4129,7,2531
4130,10,2531
4131,7,2532
4132,10,2532
4133,7,2533
4134,10,2533
4135,7,2534
4136,7,2535
4137,11,2536
4138,19,2537
4139,14,2538
4140,16,2539
4141,7,2540
4142,2,2540
4143,11,2540
4144,18,2540
4145,11,2541
4146,16,2542
4147,2,2542
4148,18,2542
4149,16,2543
4150,16,2545
4151,11,2546
4152,11,2547
4153,5,2548
4154,7,2549
4155,10,2549
4156,5,2550
4157,18,2550
4158,11,2551
4159,18,2551
4160,16,2552
4161,5,2553
4162,10,2553
4163,18,2553
4164,5,2554
4165,10,2554
4166,18,2554
4167,16,2555
4168,16,2556
4169,11,2556
4170,3,2556
4171,11,2557
4172,16,2558
4173,3,2558
4174,15,2559
4175,6,2559
4176,11,2560
4177,5,2560
4178,2,2561
4179,18,2561
4180,11,2562
4181,11,2563
4182,11,2564
4183,13,2565
4184,15,2566
4185,6,2566
4186,16,2567
4187,7,2568
4188,2,2568
4189,11,2569
4190,3,2569
4191,11,2570
4192,3,2570
4193,7,2571
4194,10,2571
4195,18,2571
4196,16,2572
4197,3,2572
4198,11,2573
4199,16,2574
4200,11,2575
4201,11,2576
4202,16,2577
4203,11,2577
4204,10,2578
4205,11,2579
4206,2,2580
4207,16,2581
4208,3,2581
4209,7,2582
4210,16,2582
4211,17,2583
4212,16,2584
4213,11,2585
4214,3,2585
4215,16,2586
4216,2,2586
4217,18,2586
4218,16,2587
4219,16,2589
4220,11,2589
4221,3,2589
4222,11,2590
4223,16,2591
4224,3,2591
4225,11,2592
4226,16,2593
4227,11,2594
4228,3,2594
4229,10,2594
4230,14,2595
4231,16,2596
4232,11,2596
4233,16,2597
4234,3,2597
4235,16,2598
4236,16,2599
4237,7,2600
4238,10,2600
4239,18,2600
4240,16,2601
4241,11,2603
4242,14,2604
4243,2,2605
4244,18,2605
4245,16,2606
4246,5,2606
4247,11,2607
4248,18,2608
4249,11,2609
4250,11,2610
4251,11,2611
4252,11,2612
4253,7,2613
4254,5,2613
4255,10,2613
4256,19,2615
4257,10,2615
4258,7,2616
4259,2,2616
4260,7,2617
4261,19,2617
4262,5,2617
4263,18,2617
4264,16,2618
4265,11,2619
4266,11,2620
4267,3,2620
4268,11,2621
4269,3,2621
4270,16,2622
4271,4,2622
4272,16,2623
4273,11,2624
4274,7,2625
4275,16,2626
4276,11,2626
4277,3,2626
4278,14,2627
4279,11,2627
4280,7,2628
4281,19,2628
4282,4,2628
4283,10,2628
4284,16,2629
4285,3,2629
4286,16,2631
4287,1,2631
4288,18,2631
4289,11,2632
4290,5,2633
4291,3,2633
4292,5,2634
4293,5,2635
4294,5,2636
4295,5,2637
4296,5,2638
4297,11,2639
4298,7,2640
4299,19,2640
4300,10,2640
4301,7,2641
4302,19,2641
4303,10,2641
4304,7,2642
4305,19,2642
4306,10,2642
4307,7,2643
4308,19,2643
4309,10,2643
4310,5,2644
4311,5,2645
4312,5,2646
4313,5,2647
4314,5,2648
4315,5,2649
4316,5,2650
4317,5,2651
4318,5,2652
4319,5,2653
4320,5,2654
4321,5,2655
4322,5,2656
4323,10,2656
4324,16,2657
4325,5,2657
4326,13,2657
4327,10,2657
4328,10,2658
4329,16,2659
4330,14,2659
4331,10,2660
4332,10,2661
4333,7,2662
4334,10,2662
4335,8,2662
4336,10,2663
4337,5,2664
4338,10,2664
4339,10,2665
4340,10,2666
4341,10,2667
4342,5,2668
4343,10,2668
4344,8,2669
4345,8,2670
4346,16,2671
4347,3,2671
4348,11,2672
4349,10,2672
4350,18,2672
4351,11,2674
4352,16,2675
4353,11,2675
4354,3,2675
4355,11,2676
4356,18,2676
4357,14,2677
4358,11,2678
4359,11,2679
4360,3,2679
4361,11,2680
4362,16,2681
4363,3,2681
4364,10,2681
4365,11,2682
4366,16,2683
4367,16,2684
4368,11,2684
4369,16,2685
4370,11,2685
4371,11,2686
4372,17,2686
4373,15,2687
4374,6,2687
4375,11,2688
4376,18,2688
4377,14,2689
4378,16,2690
4379,11,2691
4380,7,2692
4381,2,2692
4382,3,2692
4383,14,2693
4384,16,2694
4385,11,2695
4386,16,2696
4387,16,2697
4388,11,2697
4389,3,2697
4390,7,2699
4391,16,2699
4392,10,2699
4393,18,2699
4394,15,2700
4395,16,2700
4396,7,2701
4397,10,2701
4398,12,2701
4399,11,2702
4400,11,2703
4401,11,2704
4402,3,2704
4403,11,2705
4404,16,2706
4405,18,2707
4406,3,2708
4407,6,2709
4408,16,2709
4409,5,2710
4410,11,2711
4411,11,2712
4412,5,2713
4413,18,2713
4414,11,2714
4415,16,2715
4416,3,2715
4417,16,2716
4418,5,2716
4419,16,2717
4420,5,2717
4421,16,2718
4422,5,2719
4423,18,2719
4424,7,2720
4425,19,2720
4426,6,2720
4427,16,2720
4428,3,2721
4429,7,2722
4430,10,2722
4431,18,2722
4432,7,2723
4433,19,2723
4434,16,2723
4435,16,2724
4436,3,2724
4437,11,2725
4438,2,2726
4439,1,2726
4440,1,2727
4441,11,2728
4442,11,2729
4443,11,2730
4444,11,2731
4445,11,2732
4446,19,2733
4447,16,2733
4448,11,2734
4449,7,2735
4450,19,2735
4451,16,2735
4452,16,2736
4453,7,2737
4454,16,2738
4455,11,2738
4456,11,2739
4457,7,2741
4458,18,2741
4459,16,2742
4460,11,2742
4461,11,2743
4462,11,2744
4463,11,2745
4464,16,2746
4465,5,2746
4466,13,2746
4467,16,2747
4468,5,2747
4469,7,2748
4470,19,2748
4471,11,2749
4472,17,2749
4473,16,2750
4474,11,2750
4475,16,2751
4476,16,2752
4477,17,2752
4478,18,2753
4479,5,2754
4480,11,2755
4481,7,2756
4482,11,2757
4483,11,2758
4484,16,2759
4485,11,2760
4486,15,2761
4487,6,2761
4488,18,2762
4489,7,2763
4490,18,2763
4491,2,2764
4492,11,2764
4493,18,2764
4494,16,2765
4495,11,2765
4496,16,2766
4497,11,2766
4498,16,2767
4499,16,2768
4500,2,2769
4501,17,2769
4502,16,2770
4503,11,2771
4504,16,2772
4505,11,2773
4506,16,2774
4507,3,2774
4508,11,2775
4509,14,2776
4510,11,2777
4511,18,2778
4512,16,2779
4513,16,2780
4514,5,2780
4515,5,2781
4516,5,2782
4517,5,2783
4518,5,2784
4519,5,2785
4520,16,2786
4521,5,2787
4522,16,2788
4523,5,2789
4524,16,2791
4525,16,2792
4526,16,2793
4527,5,2793
4528,16,2794
4529,16,2795
4530,16,2796
4531,16,2797
4532,4,2797
4533,16,2798
4534,16,2799
4535,15,2800
4536,6,2800
4537,7,2802
4538,3,2802
4539,18,2802
4540,18,2803
4541,16,2804
4542,11,2804
4543,16,2805
4544,3,2805
4545,16,2806
4546,18,2806
4547,7,2807
4548,10,2807
4549,7,2808
4550,10,2808
4551,16,2809
4552,15,2810
4553,17,2810
4554,16,2811
4555,7,2812
4556,18,2812
4557,14,2813
4558,5,2814
4559,7,2815
4560,8,2815
4561,7,2816
4562,8,2816
4563,7,2817
4564,8,2817
4565,7,2818
4566,8,2818
4567,18,2819
4568,11,2820
4569,19,2821
4570,11,2821
4571,19,2822
4572,3,2822
4573,7,2823
4574,11,2823
4575,14,2824
4576,11,2825
4577,7,2826
4578,5,2826
4579,18,2826
4580,10,2827
4581,18,2827
4582,6,2828
4583,16,2828
4584,16,2829
4585,11,2829
4586,11,2830
4587,11,2831
4588,11,2832
4589,3,2833
4590,8,2833
4591,16,2834
4592,3,2834
4593,7,2835
4594,18,2835
4595,16,2836
4596,16,2837
4597,3,2837
4598,16,2838
4599,11,2839
4600,18,2840
4601,18,2841
4602,2,2842
4603,11,2842
4604,16,2843
4605,3,2843
4606,11,2844
4607,17,2844
4608,6,2846
4609,11,2847
4610,16,2849
4611,11,2849
4612,11,2850
4613,18,2850
4614,19,2851
4615,10,2851
4616,18,2851
4617,11,2852
4618,5,2854
4619,5,2855
4620,18,2856
4621,15,2857
4622,13,2857
4623,16,2858
4624,11,2858
4625,14,2859
4626,16,2860
4627,16,2861
4628,11,2861
4629,11,2862
4630,16,2863
4631,13,2863
4632,16,2864
4633,16,2865
4634,11,2866
4635,16,2867
4636,5,2867
4637,11,2869
4638,16,2870
4639,19,2871
4640,18,2871
4641,7,2872
4642,11,2872
4643,4,2872
4644,3,2872
4645,11,2873
4646,17,2873
4647,3,2873
4648,16,2874
4649,11,2875
4650,17,2875
4651,3,2875
4652,15,2876
4653,6,2876
4654,11,2877
4655,13,2877
4656,5,2878
4657,7,2881
4658,18,2881
4659,11,2882
4660,16,2883
4661,16,2884
4662,3,2884
4663,11,2885
4664,3,2885
4665,6,2886
4666,16,2886
4667,11,2887
4668,16,2888
4669,3,2888
4670,16,2889
4671,11,2890
4672,8,2890
4673,16,2891
4674,7,2892
4675,11,2892
4676,7,2893
4677,11,2893
4678,11,2894
4679,3,2894
4680,19,2895
4681,12,2896
4682,5,2898
4683,17,2898
4684,19,2899
4685,15,2899
4686,6,2899
4687,5,2900
4688,10,2900
4689,5,2901
4690,10,2901
4691,5,2902
4692,18,2902
4693,5,2903
4694,18,2903
4695,11,2904
4696,7,2905
4697,19,2905
4698,11,2906
4699,3,2906
4700,16,2907
4701,11,2908
4702,14,2909
4703,11,2911
4704,7,2912
4705,2,2912
4706,11,2912
4707,16,2913
4708,16,2914
4709,11,2914
4710,16,2915
4711,7,2916
4712,19,2916
4713,10,2916
4714,18,2916
4715,2,2917
4716,18,2917
4717,16,2918
4718,11,2919
4719,3,2919
4720,11,2920
4721,3,2920
4722,12,2921
4723,7,2924
4724,16,2924
4725,11,2925
4726,16,2926
4727,11,2926
4728,11,2927
4729,3,2927
4730,11,2928
4731,11,2929
4732,14,2930
4733,11,2932
4734,11,2933
4735,13,2934
4736,16,2935
4737,3,2935
4738,16,2936
4739,16,2937
4740,11,2938
4741,11,2939
4742,18,2939
4743,1,2940
4744,13,2941
4745,3,2941
4746,8,2941
4747,11,2942
4748,3,2942
4749,11,2943
4750,3,2943
4751,7,2944
4752,8,2944
4753,17,2945
4754,16,2946
4755,13,2946
4756,7,2947
4757,7,2948
4758,7,2949
4759,19,2950
4760,11,2950
4761,3,2950
4762,7,2951
4763,12,2951
4764,6,2953
4765,16,2953
4766,11,2954
4767,11,2955
4768,7,2956
4769,2,2956
4770,18,2956
4771,11,2957
4772,11,2958
4773,11,2959
4774,16,2961
4775,11,2961
4776,16,2962
4777,3,2962
4778,2,2963
4779,11,2963
4780,11,2964
4781,7,2965
4782,11,2966
4783,11,2967
4784,18,2967
4785,19,2968
4786,4,2968
4787,10,2968
4788,11,2969
4789,3,2969
4790,19,2970
4791,11,2970
4792,13,2971
4793,16,2973
4794,5,2974
4795,18,2974
4796,11,2975
4797,11,2976
4798,5,2976
4799,16,2977
4800,11,2977
4801,16,2978
4802,3,2978
4803,11,2979
4804,11,2980
4805,14,2981
4806,5,2982
4807,18,2982
4808,18,2983
4809,14,2984
4810,7,2985
4811,2,2985
4812,10,2985
4813,7,2986
4814,2,2986
4815,10,2986
4816,19,2987
4817,15,2987
4818,1,2987
4819,11,2988
4820,7,2989
4821,7,2990
4822,7,2991
4823,5,2992
4824,18,2992
4825,7,2993
4826,11,2994
4827,5,2995
4828,11,2996
4829,16,2997
4830,3,2998
4831,16,2999
4832,7,3000
4833,19,3000
4834,15,3000
4835,11,3001
4836,14,3002
4837,16,3003
4838,11,3003
4839,16,3004
4840,3,3004
4841,18,3005
4842,11,3006
4843,14,3007
4844,18,3008
4845,11,3009
4846,11,3010
4847,11,3011
4848,16,3012
4849,16,3013
4850,5,3013
4851,16,3014
4852,18,3015
4853,5,3016
4854,5,3017
4855,5,3018
4856,2,3019
4857,11,3019
4858,7,3020
4859,11,3020
4860,5,3021
4861,16,3022
4862,16,3023
4863,3,3023
4864,5,3024
4865,10,3024
4866,12,3025
4867,5,3026
4868,5,3027
4869,16,3028
4870,7,3029
4871,11,3029
4872,16,3030
4873,11,3030
4874,12,3030
4875,16,3031
4876,10,3032
4877,16,3033
4878,10,3033
4879,15,3034
4880,6,3034
4881,16,3035
4882,11,3035
4883,8,3035
4884,19,3036
4885,16,3037
4886,11,3037
4887,12,3037
4888,11,3038
4889,16,3039
4890,16,3040
4891,16,3041
4892,16,3042
4893,16,3043
4894,17,3044
4895,3,3044
4896,18,3044
4897,16,3045
4898,11,3045
4899,16,3046
4900,3,3046
4901,11,3047
4902,16,3048
4903,16,3049
4904,8,3049
4905,11,3050
4906,11,3051
4907,16,3052
4908,11,3053
4909,8,3053
4910,15,3054
4911,6,3054
4912,18,3055
4913,18,3056
4914,16,3057
4915,5,3058
4916,10,3058
4917,11,3059
4918,16,3060
4919,11,3060
4920,16,3061
4921,13,3061
4922,7,3062
4923,11,3062
4924,8,3062
4925,18,3063
4926,18,3064
4927,8,3066
4928,16,3067
4929,11,3067
4930,11,3068
4931,11,3069
4932,19,3070
4933,16,3070
4934,10,3070
4935,11,3071
4936,16,3072
4937,11,3073
4938,3,3073
4939,12,3074
4940,18,3075
4941,16,3076
4942,14,3077
4943,11,3078
4944,11,3079
4945,5,3081
4946,3,3081
4947,7,3082
4948,18,3082
4949,16,3083
4950,11,3083
4951,5,3085
4952,16,3087
4953,16,3088
4954,11,3089
4955,11,3090
4956,11,3091
4957,8,3091
4958,11,3092
4959,11,3093
4960,12,3093
4961,11,3094
4962,3,3094
4963,11,3095
4964,16,3096
4965,16,3097
4966,3,3097
4967,11,3098
4968,16,3099
4969,3,3099
4970,11,3100
4971,18,3101
4972,18,3102
4973,11,3103
4974,3,3103
4975,7,3104
4976,19,3104
4977,16,3104
4978,2,3104
4979,11,3105
4980,11,3106
4981,3,3106
4982,7,3107
4983,11,3107
4984,16,3108
4985,11,3108
4986,3,3108
4987,11,3109
4988,11,3110
4989,11,3111
4990,11,3112
4991,7,3113
4992,18,3113
4993,15,3114
4994,6,3114
4995,16,3114
4996,11,3115
4997,11,3116
4998,11,3117
4999,3,3117
5000,8,3117
5001,11,3118
5002,5,3119
5003,16,3120
5004,1,3121
5005,11,3122
5006,3,3122
5007,12,3122
5008,16,3124
5009,11,3124
5010,11,3125
5011,11,3126
5012,11,3127
5013,11,3128
5014,16,3129
5015,11,3129
5016,16,3130
5017,16,3131
5018,16,3132
5019,16,3133
5020,11,3134
5021,8,3134
5022,11,3135
5023,14,3136
5024,7,3137
5025,8,3137
5026,11,3138
5027,7,3139
5028,19,3139
5029,16,3140
5030,11,3141
5031,14,3142
5032,13,3142
5033,11,3143
5034,8,3143
5035,16,3144
5036,3,3144
5037,11,3145
5038,16,3146
5039,11,3147
5040,18,3147
5041,11,3148
5042,17,3149
5043,11,3150
5044,2,3151
5045,11,3151
5046,17,3151
5047,11,3152
5048,7,3153
5049,19,3153
5050,4,3153
5051,11,3154
5052,8,3154
5053,11,3155
5054,3,3155
5055,16,3156
5056,11,3156
5057,10,3156
5058,6,3157
5059,16,3157
5060,11,3158
5061,15,3159
5062,6,3159
5063,13,3159
5064,11,3160
5065,11,3161
5066,16,3162
5067,11,3162
5068,11,3163
5069,11,3164
5070,7,3165
5071,11,3165
5072,19,3166
5073,11,3167
5074,19,3168
5075,11,3168
5076,11,3169
5077,12,3170
5078,11,3171
5079,19,3172
5080,11,3173
5081,16,3174
5082,11,3174
5083,19,3175
5084,16,3175
5085,10,3175
5086,11,3176
5087,17,3176
5088,18,3176
5089,11,3178
5090,11,3179
5091,16,3180
5092,11,3180
5093,11,3181
5094,14,3182
5095,11,3183
5096,7,3184
5097,16,3184
5098,2,3184
5099,11,3184
5100,11,3185
5101,11,3186
5102,11,3187
5103,14,3188
5104,19,3190
5105,10,3190
5106,11,3191
5107,11,3192
5108,14,3193
5109,11,3194
5110,11,3195
5111,11,3196
5112,8,3196
5113,7,3197
5114,11,3198
5115,16,3199
5116,13,3199
5117,3,3199
5118,16,3200
5119,11,3200
5120,11,3201
5121,18,3203
5122,18,3204
5123,5,3205
5124,3,3206
5125,19,3207
5126,7,3208
5127,16,3208
5128,11,3209
5129,16,3210
5130,11,3211
5131,11,3212
5132,15,3213
5133,6,3213
5134,11,3214
5135,11,3215
5136,11,3217
5137,11,3218
5138,18,3219
5139,11,3220
5140,11,3221
5141,11,3222
5142,11,3223
5143,11,3224
5144,16,3225
5145,3,3225
5146,14,3226
5147,16,3227
5148,11,3227
5149,18,3227
5150,16,3228
5151,2,3229
5152,11,3229
5153,18,3230
5154,16,3231
5155,16,3232
5156,16,3233
5157,16,3234
5158,16,3235
5159,12,3236
5160,14,3237
5161,18,3238
5162,16,3239
5163,16,3240
5164,16,3241
5165,16,3243
5166,16,3244
5167,3,3244
5168,11,3245
5169,11,3246
5170,16,3247
5171,2,3247
5172,16,3248
5173,18,3249
5174,11,3250
5175,11,3251
5176,17,3251
5177,11,3252
5178,16,3253
5179,16,3254
5180,16,3255
5181,11,3255
5182,7,3256
5183,18,3256
5184,7,3257
5185,11,3257
5186,3,3257
5187,18,3257
5188,16,3258
5189,11,3259
5190,3,3259
5191,11,3260
5192,16,3261
5193,11,3261
5194,3,3261
5195,11,3262
5196,17,3262
5197,16,3263
5198,16,3264
5199,5,3264
5200,7,3266
5201,16,3266
5202,2,3266
5203,11,3266
5204,7,3267
5205,18,3267
5206,7,3268
5207,16,3268
5208,19,3269
5209,3,3269
5210,10,3269
5211,11,3270
5212,11,3271
5213,2,3272
5214,11,3272
5215,5,3273
5216,17,3273
5217,18,3273
5218,7,3274
5219,7,3275
5220,16,3275
5221,16,3276
5222,11,3277
5223,14,3278
5224,5,3280
5225,14,3281
5226,16,3282
5227,7,3283
5228,16,3284
5229,3,3284
5230,19,3285
5231,11,3285
5232,16,3286
5233,15,3287
5234,6,3287
5235,11,3288
5236,11,3289
5237,16,3290
5238,18,3291
5239,1,3292
5240,11,3293
5241,10,3293
5242,5,3294
5243,11,3295
5244,11,3296
5245,14,3297
5246,11,3298
5247,16,3299
5248,11,3299
5249,7,3300
5250,10,3300
5251,16,3301
5252,2,3301
5253,16,3302
5254,14,3303
5255,2,3304
5256,11,3304
5257,1,3305
5258,5,3305
5259,16,3306
5260,16,3307
5261,11,3307
5262,3,3307
5263,16,3308
5264,11,3308
5265,16,3309
5266,7,3310
5267,12,3311
5268,11,3312
5269,16,3313
5270,7,3314
5271,11,3314
5272,13,3315
5273,7,3316
5274,18,3316
5275,16,3317
5276,11,3317
5277,11,3319
5278,16,3320
5279,3,3320
5280,16,3321
5281,16,3322
5282,16,3323
5283,2,3323
5284,16,3324
5285,16,3325
5286,11,3325
5287,16,3326
5288,10,3326
5289,14,3327
5290,2,3328
5291,11,3328
5292,11,3329
5293,11,3330
5294,11,3331
5295,19,3332
5296,6,3332
5297,11,3333
5298,2,3334
5299,11,3334
5300,1,3334
5301,18,3334
5302,2,3335
5303,11,3335
5304,11,3336
5305,16,3337
5306,11,3337
5307,14,3338
5308,8,3339
5309,5,3340
5310,10,3340
5311,16,3341
5312,11,3342
5313,8,3342
5314,16,3343
5315,11,3343
5316,3,3343
5317,5,3344
5318,19,3345
5319,6,3345
5320,5,3346
5321,11,3347
5322,2,3348
5323,18,3348
5324,16,3349
5325,11,3350
5326,5,3351
5327,11,3352
5328,16,3353
5329,3,3353
5330,10,3354
5331,18,3355
5332,14,3356
5333,11,3357
5334,3,3357
5335,16,3358
5336,3,3358
5337,11,3359
5338,11,3360
5339,16,3361
5340,16,3362
5341,2,3362
5342,11,3362
5343,16,3363
5344,11,3363
5345,2,3364
5346,1,3364
5347,12,3365
5348,7,3366
5349,19,3366
5350,8,3366
5351,8,3367
5352,3,3368
5353,12,3368
5354,2,3369
5355,11,3370
5356,18,3370
5357,11,3371
5358,7,3372
5359,8,3372
5360,12,3373
5361,11,3374
5362,10,3375
5363,3,3376
5364,11,3377
5365,8,3377
5366,11,3378
5367,11,3379
5368,1,3380
5369,16,3381
5370,11,3381
5371,11,3382
5372,11,3383
5373,13,3383
5374,7,3384
5375,16,3385
5376,11,3386
5377,17,3386
5378,16,3387
5379,16,3388
5380,7,3389
5381,19,3389
5382,19,3390
5383,16,3391
5384,16,3392
5385,16,3393
5386,4,3393
5387,16,3394
5388,3,3394
5389,16,3395
5390,6,3396
5391,16,3396
5392,6,3397
5393,16,3397
5394,6,3398
5395,16,3398
5396,6,3399
5397,16,3399
5398,15,3400
5399,6,3400
5400,19,3401
5401,10,3401
5402,11,3402
5403,11,3403
5404,18,3403
5405,7,3404
5406,11,3404
5407,7,3405
5408,11,3405
5409,7,3406
5410,19,3406
5411,8,3406
5412,16,3407
5413,11,3407
5414,11,3408
5415,11,3409
5416,18,3409
5417,16,3410
5418,11,3410
5419,11,3411
5420,19,3412
5421,2,3413
5422,11,3413
5423,3,3414
5424,11,3415
5425,11,3416
5426,19,3417
5427,16,3417
5428,10,3417
5429,7,3418
5430,11,3418
5431,16,3419
5432,2,3419
5433,11,3420
5434,18,3420
5435,16,3421
5436,16,3422
5437,3,3422
5438,11,3423
5439,16,3424
5440,11,3424
5441,11,3425
5442,11,3426
5443,3,3426
5444,2,3427
5445,11,3428
5446,15,3429
5447,16,3429
5448,7,3430
5449,11,3430
5450,7,3431
5451,11,3431
5452,7,3432
5453,11,3432
5454,7,3433
5455,11,3433
5456,7,3434
5457,11,3434
5458,2,3435
5459,1,3435
5460,11,3436
5461,3,3436
5462,11,3437
5463,7,3438
5464,6,3438
5465,4,3438
5466,7,3439
5467,6,3439
5468,4,3439
5469,7,3440
5470,6,3440
5471,4,3440
5472,7,3441
5473,8,3441
5474,7,3442
5475,7,3443
5476,11,3443
5477,18,3443
5478,7,3444
5479,17,3445
5480,18,3445
5481,16,3446
5482,11,3447
5483,16,3448
5484,11,3448
5485,8,3448
5486,11,3449
5487,16,3450
5488,16,3451
5489,11,3451
5490,7,3452
5491,3,3452
5492,11,3453
5493,3,3453
5494,16,3454
5495,3,3454
5496,11,3455
5497,18,3455
5498,11,3456
5499,11,3457
5500,11,3458
5501,3,3458
5502,11,3459
5503,5,3459
5504,16,3460
5505,19,3461
5506,11,3461
5507,18,3461
5508,16,3462
5509,16,3463
5510,10,3464
5511,18,3464
5512,11,3465
5513,16,3466
5514,4,3466
5515,11,3467
5516,12,3467
5517,11,3468
5518,11,3469
5519,11,3471
5520,10,3471
5521,16,3473
5522,10,3474
5523,18,3474
5524,11,3475
5525,3,3475
5526,5,3476
5527,17,3476
5528,18,3476
5529,16,3477
5530,11,3477
5531,11,3478
5532,19,3479
5533,4,3479
5534,3,3479
5535,11,3480
5536,16,3481
5537,11,3482
5538,15,3483
5539,6,3483
5540,18,3484
5541,5,3485
5542,10,3486
5543,12,3487
5544,5,3488
5545,10,3488
5546,19,3489
5547,4,3489
5548,5,3490
5549,16,3491
5550,19,3492
5551,5,3493
5552,19,3494
5553,12,3494
5554,16,3495
5555,11,3495
5556,11,3496
5557,16,3497
5558,11,3498
5559,5,3499
5560,16,3500
5561,11,3500
5562,16,3501
5563,3,3501
5564,11,3502
5565,11,3503
5566,10,3503
5567,16,3504
5568,11,3504
5569,18,3505
5570,16,3506
5571,11,3506
5572,16,3507
5573,12,3508
5574,11,3509
5575,11,3510
5576,18,3510
5577,16,3511
5578,11,3512
5579,3,3512
5580,11,3513
5581,18,3513
5582,11,3514
5583,16,3515
5584,16,3516
5585,3,3516
5586,2,3517
5587,11,3517
5588,11,3518
5589,18,3518
5590,7,3519
5591,8,3519
5592,16,3520
5593,16,3521
5594,2,3521
5595,11,3521
5596,11,3522
5597,7,3523
5598,18,3523
5599,16,3524
5600,3,3524
5601,16,3525
5602,16,3526
5603,11,3526
5604,7,3527
5605,10,3527
5606,18,3527
5607,11,3528
5608,3,3528
5609,2,3529
5610,18,3529
5611,16,3530
5612,16,3531
5613,11,3531
5614,3,3531
5615,16,3532
5616,11,3533
5617,16,3534
5618,16,3535
5619,5,3535
5620,18,3535
5621,16,3536
5622,3,3536
5623,16,3537
5624,11,3537
5625,16,3538
5626,14,3539
5627,3,3540
5628,18,3540
5629,7,3541
5630,11,3542
5631,16,3543
5632,11,3543
5633,16,3544
5634,13,3545
5635,8,3545
5636,11,3546
5637,18,3546
5638,11,3547
5639,16,3548
5640,11,3548
5641,13,3549
5642,5,3550
5643,18,3551
5644,16,3552
5645,11,3553
5646,18,3553
5647,11,3554
5648,3,3554
5649,7,3555
5650,18,3555
5651,16,3556
5652,11,3556
5653,18,3557
5654,11,3558
5655,11,3559
5656,11,3560
5657,11,3561
5658,16,3562
5659,11,3562
5660,7,3563
5661,5,3563
5662,6,3564
5663,16,3564
5664,16,3565
5665,11,3565
5666,16,3566
5667,11,3566
5668,11,3568
5669,16,3569
5670,11,3569
5671,11,3570
5672,11,3571
5673,5,3572
5674,10,3572
5675,5,3573
5676,10,3573
5677,5,3574
5678,10,3574
5679,11,3575
5680,7,3576
5681,5,3576
5682,10,3576
5683,7,3578
5684,11,3578
5685,11,3579
5686,11,3580
5687,11,3581
5688,11,3582
5689,7,3584
5690,11,3584
5691,3,3584
5692,18,3584
5693,19,3585
5694,8,3585
5695,11,3586
5696,5,3587
5697,2,3588
5698,11,3588
5699,5,3589
5700,16,3590
5701,16,3591
5702,11,3591
5703,15,3592
5704,10,3592
5705,7,3593
5706,10,3593
5707,11,3594
5708,16,3596
5709,16,3597
5710,11,3598
5711,16,3599
5712,13,3599
5713,16,3600
5714,13,3600
5715,16,3601
5716,12,3601
5717,13,3602
5718,16,3603
5719,13,3604
5720,11,3605
5721,13,3605
5722,13,3606
5723,16,3607
5724,11,3607
5725,12,3607
5726,16,3608
5727,14,3609
5728,13,3610
5729,15,3611
5730,6,3611
5731,16,3611
5732,19,3612
5733,13,3612
5734,3,3612
5735,16,3613
5736,16,3614
5737,3,3614
5738,15,3615
5739,6,3615
5740,16,3616
5741,3,3616
5742,16,3617
5743,16,3618
5744,16,3619
5745,16,3620
5746,11,3620
5747,11,3621
5748,5,3621
5749,16,3622
5750,7,3623
5751,18,3623
5752,7,3624
5753,14,3625
5754,16,3626
5755,5,3627
5756,18,3627
5757,7,3628
5758,11,3628
5759,8,3628
5760,16,3629
5761,5,3630
5762,16,3631
5763,16,3632
5764,7,3633
5765,18,3634
5766,7,3635
5767,11,3636
5768,11,3637
5769,7,3638
5770,3,3638
5771,10,3638
5772,7,3639
5773,16,3640
5774,11,3640
5775,11,3641
5776,12,3642
5777,7,3643
5778,11,3643
5779,8,3643
5780,12,3644
5781,11,3645
5782,16,3646
5783,11,3647
5784,5,3648
5785,10,3648
5786,11,3649
5787,5,3651
5788,5,3652
5789,14,3653
5790,7,3654
5791,11,3654
5792,8,3654
5793,11,3655
5794,2,3656
5795,11,3657
5796,10,3658
5797,10,3659
5798,18,3659
5799,5,3660
5800,10,3660
5801,18,3660
5802,5,3661
5803,10,3661
5804,18,3661
5805,5,3662
5806,10,3662
5807,18,3662
5808,5,3663
5809,10,3663
5810,18,3663
5811,5,3664
5812,10,3664
5813,18,3664
5814,5,3665
5815,10,3665
5816,18,3665
5817,5,3666
5818,10,3666
5819,18,3666
5820,7,3667
5821,16,3667
5822,11,3668
5823,3,3668
5824,16,3669
5825,8,3670
5826,16,3671
5827,12,3671
5828,19,3672
5829,6,3672
5830,19,3673
5831,6,3673
5832,19,3674
5833,6,3674
5834,13,3675
5835,11,3676
5836,5,3676
5837,14,3677
5838,11,3678
5839,14,3679
5840,14,3680
5841,12,3681
5842,12,3682
5843,11,3683
5844,1,3683
5845,11,3684
5846,3,3684
5847,16,3685
5848,11,3685
5849,3,3685
5850,18,3686
5851,10,3687
5852,16,3688
5853,16,3689
5854,16,3690
5855,16,3691
5856,16,3692
5857,5,3692
5858,16,3693
5859,5,3693
5860,16,3694
5861,5,3694
5862,16,3695
5863,5,3695
5864,16,3696
5865,5,3696
5866,10,3696
5867,7,3697
5868,10,3697
5869,18,3697
5870,7,3698
5871,19,3698
5872,10,3698
5873,19,3699
5874,11,3699
5875,3,3699
5876,10,3699
5877,11,3700
5878,10,3700
5879,2,3701
5880,11,3701
5881,10,3701
5882,7,3702
5883,10,3702
5884,7,3703
5885,10,3703
5886,7,3704
5887,10,3704
5888,7,3705
5889,19,3705
5890,3,3705
5891,18,3705
5892,1,3706
5893,17,3706
5894,18,3706
5895,11,3707
5896,5,3708
5897,18,3708
5898,5,3709
5899,7,3710
5900,16,3710
5901,11,3711
5902,16,3712
5903,11,3713
5904,11,3714
5905,16,3715
5906,7,3716
5907,2,3716
5908,7,3717
5909,2,3717
5910,14,3718
5911,16,3719
5912,3,3719
5913,11,3720
5914,16,3722
5915,11,3723
5916,11,3724
5917,8,3724
5918,15,3725
5919,13,3725
5920,7,3726
5921,18,3726
5922,16,3727
5923,5,3727
5924,18,3728
5925,7,3729
5926,2,3729
5927,11,3730
5928,17,3730
5929,11,3731
5930,18,3731
5931,5,3732
5932,11,3733
5933,11,3734
5934,2,3735
5935,11,3735
5936,11,3736
5937,11,3737
5938,12,3737
5939,11,3738
5940,16,3739
5941,3,3739
5942,7,3740
5943,16,3740
5944,2,3741
5945,11,3741
5946,11,3742
5947,8,3742
5948,16,3743
5949,3,3743
5950,7,3744
5951,2,3744
5952,19,3745
5953,15,3745
5954,10,3745
5955,11,3747
5956,16,3748
5957,3,3748
5958,11,3749
5959,11,3750
5960,15,3751
5961,6,3751
5962,16,3751
5963,16,3752
5964,7,3753
5965,11,3753
5966,8,3753
5967,15,3754
5968,6,3754
5969,16,3754
5970,7,3755
5971,19,3755
5972,18,3755
5973,11,3756
5974,5,3757
5975,11,3758
5976,10,3758
5977,18,3758
5978,15,3759
5979,6,3759
5980,13,3759
5981,16,3760
5982,7,3763
5983,2,3763
5984,18,3763
5985,7,3764
5986,2,3764
5987,18,3764
5988,11,3765
5989,3,3765
5990,7,3766
5991,8,3766
5992,7,3767
5993,8,3767
5994,7,3768
5995,8,3768
5996,7,3769
5997,19,3770
5998,2,3770
5999,10,3770
6000,18,3770
6001,7,3771
6002,19,3771
6003,16,3773
6004,16,3774
6005,15,3775
6006,6,3775
6007,13,3775
6008,15,3776
6009,6,3776
6010,13,3776
6011,16,3777
6012,5,3777
6013,16,3778
6014,11,3778
6015,10,3779
6016,10,3780
6017,7,3781
6018,2,3781
6019,7,3782
6020,2,3782
6021,2,3783
6022,11,3783
6023,16,3784
6024,16,3785
6025,5,3785
6026,16,3786
6027,11,3788
6028,17,3788
6029,11,3789
6030,11,3790
6031,11,3791
6032,12,3792
6033,7,3793
6034,10,3793
6035,16,3794
6036,11,3794
6037,11,3795
6038,18,3797
6039,18,3798
6040,15,3799
6041,6,3799
6042,11,3800
6043,3,3800
6044,11,3801
6045,17,3801
6046,7,3802
6047,10,3802
6048,11,3803
6049,16,3804
6050,7,3805
6051,19,3805
6052,11,3805
6053,12,3806
6054,7,3807
6055,19,3807
6056,16,3809
6057,11,3810
6058,18,3810
6059,11,3811
6060,8,3811
6061,16,3812
6062,11,3813
6063,16,3814
6064,11,3816
6065,16,3817
6066,11,3817
6067,16,3818
6068,13,3818
6069,16,3819
6070,6,3820
6071,16,3821
6072,11,3822
6073,3,3822
6074,11,3823
6075,11,3824
6076,3,3824
6077,11,3825
6078,5,3826
6079,10,3826
6080,18,3826
6081,7,3827
6082,10,3827
6083,16,3828
6084,16,3829
6085,3,3829
6086,16,3830
6087,5,3830
6088,18,3830
6089,16,3831
6090,5,3832
6091,5,3833
6092,10,3833
6093,19,3834
6094,11,3834
6095,3,3834
6096,18,3835
6097,7,3836
6098,16,3836
6099,8,3836
6100,5,3837
6101,5,3838
6102,5,3839
6103,5,3840
6104,7,3841
6105,16,3841
6106,5,3843
6107,11,3844
6108,11,3845
6109,16,3846
6110,5,3847
6111,11,3848
6112,18,3848
6113,18,3849
6114,2,3850
6115,18,3850
6116,16,3851
6117,16,3852
6118,11,3853
6119,11,3854
6120,3,3854
6121,11,3855
6122,3,3855
6123,11,3856
6124,18,3857
6125,16,3858
6126,14,3859
6127,2,3860
6128,16,3861
6129,16,3862
6130,10,3863
6131,18,3863
6132,7,3864
6133,19,3864
6134,10,3864
6135,16,3865
6136,14,3865
6137,16,3866
6138,16,3868
6139,16,3869
6140,11,3870
6141,11,3871
6142,12,3871
6143,11,3872
6144,16,3873
6145,12,3873
6146,16,3874
6147,3,3874
6148,5,3875
6149,11,3876
6150,7,3877
6151,19,3877
6152,4,3877
6153,10,3878
6154,7,3879
6155,14,3880
6156,14,3881
6157,16,3882
6158,16,3883
6159,11,3883
6160,16,3884
6161,16,3885
6162,3,3885
6163,11,3886
6164,11,3887
6165,11,3888
6166,3,3888
6167,7,3889
6168,19,3889
6169,4,3889
6170,14,3890
6171,2,3891
6172,11,3891
6173,5,3892
6174,16,3893
6175,18,3893
6176,11,3894
6177,2,3895
6178,18,3895
6179,2,3896
6180,18,3896
6181,16,3897
6182,11,3897
6183,7,3898
6184,16,3898
6185,16,3899
6186,16,3900
6187,11,3900
6188,16,3901
6189,11,3901
6190,11,3903
6191,11,3904
6192,16,3905
6193,2,3906
6194,11,3907
6195,5,3908
6196,16,3909
6197,3,3909
6198,11,3910
6199,13,3910
6200,16,3911
6201,16,3912
6202,11,3912
6203,14,3913
6204,11,3914
6205,11,3915
6206,11,3916
6207,5,3917
6208,5,3918
6209,5,3919
6210,11,3920
6211,4,3920
6212,16,3921
6213,16,3922
6214,5,3923
6215,10,3923
6216,16,3924
6217,16,3925
6218,19,3926
6219,10,3926
6220,19,3927
6221,10,3927
6222,16,3928
6223,5,3928
6224,16,3929
6225,5,3930
6226,5,3931
6227,10,3931
6228,5,3932
6229,10,3932
6230,5,3933
6231,10,3933
6232,10,3934
6233,11,3936
6234,18,3936
6235,10,3937
6236,18,3937
6237,5,3938
6238,5,3939
6239,5,3940
6240,5,3941
6241,5,3942
6242,16,3943
6243,16,3944
6244,11,3944
6245,19,3945
6246,15,3945
6247,6,3945
6248,7,3946
6249,11,3946
6250,18,3946
6251,18,3947
6252,16,3948
6253,11,3949
6254,11,3950
6255,11,3951
6256,11,3952
6257,18,3952
